Kanal 1 Alpha,Kanal 1 Beta,Kanal 1 Theta,Kanal 2 Alpha,Kanal 2 Beta,Kanal 2 Theta,Event,Kanal 1 Alpha,Kanal 1 Beta,Kanal 1 Theta,Kanal 2 Alpha,Kanal 2 Beta,Kanal 2 Theta,Event,Kanal 1 Alpha,Kanal 1 Beta,Kanal 1 Theta,Kanal 2 Alpha,Kanal 2 Beta,Kanal 2 Theta
4406250.0,1718750.0,4687500.0,789063.0,304688.0,3578125.0,"Relaxed,  Eyes Open",-1083767.6,-787535.6,-995965.4,96804.5,-73064.3,2568024.9,"Relaxed,  Eyes Open",-0.067397245,-0.046492375,-0.069189923,0.090848961,-0.177637704,0.24139343
3617188.0,1859375.0,8039063.0,867188.0,414063.0,4515625.0,,-1872829.6,-646910.6,2355597.6,174929.5,36310.7,3505524.9,,-0.116467363,-0.038190541,0.163643856,0.164167593,0.088280487,0.329518099
5281250.0,2101563.0,8710938.0,820313.0,195313.0,6023438.0,,-208767.6,-404722.6,3027472.6,128054.5,-182439.3,5013337.9,,-0.012982822,-0.023892907,0.210319152,0.120176413,-0.443555895,0.471251988
3000000.0,1515625.0,3734375.0,1304688.0,265625.0,1859375.0,,-2490017.6,-990660.6,-1949090.4,612429.5,-112127.3,849274.9,,-0.154848996,-0.058483914,-0.135403715,0.574751933,-0.272609702,0.079831538
3828125.0,1062500.0,5445313.0,710938.0,179688.0,2437500.0,,-1661892.6,-1443785.6,-238152.4,18679.5,-198064.3,1427399.9,,-0.103349632,-0.085234269,-0.016544496,0.017530328,-0.481544208,0.134175084
4734375.0,2296875.0,5484375.0,1078125.0,367188.0,3062500.0,,-755642.6,-209410.6,-199090.4,385866.5,-10564.3,2052399.9,,-0.046991836,-0.012362611,-0.013830851,0.36212743,-0.025684452,0.192924863
4476563.0,1507813.0,7867188.0,789063.0,250000.0,3218750.0,,-1013454.6,-998472.6,2183722.6,96804.5,-127752.3,2208649.9,,-0.063024626,-0.058945097,0.151703664,0.090848961,-0.310598015,0.207612308
5460938.0,1765625.0,5101563.0,812500.0,242188.0,4710938.0,,-29079.6,-740660.6,-581902.4,120241.5,-135564.3,3700837.9,,-0.0018084,-0.043725097,-0.04042488,0.112844081,-0.329590956,0.347877452
8742188.0,9039063.0,6132813.0,687500.0,343750.0,3085938.0,,3252170.4,6532777.4,449347.6,-4758.5,-34002.3,2075837.9,,0.202245687,0.385664256,0.031216272,-0.004465731,-0.082668137,0.195128026
5835938.0,2968750.0,3398438.0,843750.0,234375.0,4718750.0,,345920.4,462464.4,-2285027.4,151491.5,-143377.3,3708649.9,,0.021512067,0.027301708,-0.158741329,0.142171534,-0.348586328,0.348611777
3953125.0,2875000.0,5601563.0,601563.0,304688.0,6906250.0,,-1536892.6,368714.4,-81902.4,-90695.5,-73064.3,5896149.9,,-0.095576143,0.021767152,-0.005689776,-0.085115757,-0.177637704,0.554236004
5078125.0,3812500.0,4679688.0,578125.0,234375.0,3257813.0,,-411892.6,1306214.4,-1003777.4,-114133.5,-143377.3,2247712.9,,-0.025614741,0.077112715,-0.069732624,-0.107111816,-0.348586328,0.211284216
4414063.0,3273438.0,3484375.0,492188.0,218750.0,2835938.0,,-1075954.6,767152.4,-2199090.4,-200070.5,-159002.3,1825837.9,,-0.066911371,0.045289046,-0.152771267,-0.187761842,-0.386574641,0.171628115
2843750.0,2640625.0,6296875.0,812500.0,257813.0,2070313.0,,-2646267.6,134339.4,613409.6,120241.5,-119939.3,1060212.9,,-0.164565858,0.007930762,0.042613693,0.112844081,-0.291602643,0.099659635
2843750.0,2000000.0,3867188.0,781250.0,343750.0,3640625.0,,-2646267.6,-506285.6,-1816277.4,88991.5,-34002.3,2630524.9,,-0.164565858,-0.029888706,-0.126177168,0.083516628,-0.082668137,0.247268408
5921875.0,2109375.0,4921875.0,687500.0,281250.0,2273438.0,,431857.4,-396910.6,-761590.4,-4758.5,-96502.3,1263337.9,,0.02685631,-0.023431724,-0.052907843,-0.004465731,-0.234621389,0.118753314
4382813.0,2742188.0,5437500.0,695313.0,250000.0,2570313.0,,-1107204.6,235902.4,-245965.4,3054.5,-127752.3,1560212.9,,-0.068854743,0.01392656,-0.017087267,0.002866602,-0.310598015,0.146659459
4164063.0,2093750.0,3906250.0,570313.0,328125.0,2125000.0,,-1325954.6,-412535.6,-1777215.4,-121945.5,-49627.3,1114899.9,,-0.082458349,-0.02435415,-0.123463523,-0.11444321,-0.12065645,0.104800194
17085938.0,8101563.0,20078125.0,1000000.0,460938.0,3000000.0,,11595920.4,5595277.4,14394659.6,307741.5,83185.7,1989899.9,,0.721126081,0.330318693,1,0.288808798,0.202245426,0.187049885
9812500.0,19445313.0,7851563.0,601563.0,578125.0,2132813.0,,4322482.4,16939027.4,2168097.6,-90695.5,200372.7,1122712.9,,0.268806156,1,0.150618192,-0.085115757,0.487156558,0.105534613
5382813.0,5773438.0,5914063.0,617188.0,289063.0,2664063.0,,-107204.6,3267152.4,230597.6,-75070.5,-88689.3,1653962.9,,-0.006666831,0.192877213,0.016019664,-0.07045203,-0.215626017,0.155471926
3968750.0,5390625.0,6445313.0,867188.0,289063.0,2359375.0,,-1521267.6,2884339.4,761847.6,174929.5,-88689.3,1349274.9,,-0.094604456,0.170277745,0.052925712,0.164167593,-0.215626017,0.126831361
5546875.0,4250000.0,6398438.0,703125.0,484375.0,3453125.0,,56857.4,1743714.4,714972.6,10866.5,106622.7,2443024.9,,0.003535843,0.102940644,0.049669296,0.010197996,0.25922668,0.229643475
5796875.0,3851563.0,3406250.0,585938.0,312500.0,10367188.0,,306857.4,1345277.4,-2277215.4,-106320.5,-65252.3,9357087.9,,0.019082821,0.079418809,-0.158198627,-0.099779483,-0.158644763,0.879562953
8195313.0,2695313.0,4976563.0,1476563.0,328125.0,3890625.0,,2705295.4,189027.4,-706902.4,784304.5,-49627.3,2880524.9,,0.168236673,0.011159282,-0.049108656,0.736052924,-0.12065645,0.27076832
2945313.0,2179688.0,10226563.0,1179688.0,460938.0,11648438.0,,-2544704.6,-326597.6,4543097.6,487429.5,83185.7,10638337.9,,-0.158249867,-0.019280777,0.315609937,0.457442122,0.202245426,1
2937500.0,2843750.0,5796875.0,1023438.0,296875.0,5796875.0,,-2552517.6,337464.4,113409.6,331179.5,-80877.3,4786774.9,,-0.158735741,0.0199223,0.007878589,0.310804857,-0.196633076,0.449955146
3421875.0,1781250.0,7867188.0,1140625.0,265625.0,7062500.0,,-2068142.6,-725035.6,2183722.6,448366.5,-112127.3,6052399.9,,-0.128613471,-0.042802671,0.151703664,0.420782336,-0.272609702,0.568923449
13382813.0,8726563.0,10945313.0,1085938.0,343750.0,5562500.0,,7892795.4,6220277.4,5261847.6,393679.5,-34002.3,4552399.9,,0.490836468,0.367215735,0.365541649,0.369459763,-0.082668137,0.427923979
3664063.0,3367188.0,8640625.0,1250000.0,328125.0,5140625.0,,-1825954.6,860902.4,2957159.6,557741.5,-49627.3,4130524.9,,-0.113552305,0.050823602,0.205434494,0.523428421,-0.12065645,0.388267878
3234375.0,2281250.0,4593750.0,742188.0,265625.0,3664063.0,,-2255642.6,-225035.6,-1089715.4,49929.5,-112127.3,2653962.9,,-0.140273705,-0.013285037,-0.075702755,0.046857781,-0.272609702,0.249471572
1750000.0,2585938.0,4179688.0,968750.0,242188.0,2273438.0,,-3740017.6,79652.4,-1503777.4,276491.5,-135564.3,1263337.9,,-0.232583887,0.0047023,-0.104467728,0.259481345,-0.329590956,0.118753314
2906250.0,2453125.0,5289063.0,671875.0,226563.0,2765625.0,,-2583767.6,-53160.6,-394402.4,-20383.5,-151189.3,1755524.9,,-0.160679113,-0.003138351,-0.027399216,-0.019129457,-0.367579269,0.165018718
3640625.0,2648438.0,2742188.0,835938.0,234375.0,3414063.0,,-1849392.6,142152.4,-2941277.4,143679.5,-143377.3,2403962.9,,-0.115009865,0.008392004,-0.204331153,0.13484014,-0.348586328,0.22597166
3750000.0,1632813.0,4273438.0,1156250.0,328125.0,3773438.0,,-1740017.6,-873472.6,-1410027.4,463991.5,-49627.3,2763337.9,,-0.108208062,-0.051565689,-0.097954896,0.435446063,-0.12065645,0.259752783
4578125.0,1546875.0,3835938.0,929688.0,273438.0,3468750.0,,-911892.6,-959410.6,-1847527.4,237429.5,-104314.3,2458649.9,,-0.056708697,-0.056639061,-0.128348113,0.222822499,-0.25361433,0.231112219
4195313.0,2921875.0,4757813.0,1031250.0,351563.0,2140625.0,,-1294704.6,415589.4,-925652.4,338991.5,-26189.3,1130524.9,,-0.080514976,0.02453443,-0.064305264,0.318136251,-0.063672765,0.106268939
4070313.0,2117188.0,4687500.0,1117188.0,218750.0,2851563.0,,-1419704.6,-389097.6,-995965.4,424929.5,-159002.3,1841462.9,,-0.088288465,-0.022970481,-0.069189923,0.398787216,-0.386574641,0.173096859
8500000.0,1710938.0,3984375.0,1156250.0,210938.0,1992188.0,,3009982.4,-795347.6,-1699090.4,463991.5,-166814.3,982087.9,,0.187184521,-0.046953558,-0.118036163,0.435446063,-0.405567582,0.092315913
5640625.0,3203125.0,6257813.0,1757813.0,367188.0,2859375.0,,150607.4,696839.4,574347.6,1065554.5,-10564.3,1849274.9,,0.009365959,0.041138099,0.039900048,1,-0.025684452,0.173831185
6695313.0,2093750.0,4656250.0,726563.0,414063.0,2960938.0,,1205295.4,-412535.6,-1027215.4,34304.5,36310.7,1950837.9,,0.074954804,-0.02435415,-0.071360867,0.032194055,0.088280487,0.183378071
5515625.0,2093750.0,5054688.0,945313.0,320313.0,3171875.0,,25607.4,-412535.6,-628777.4,253054.5,-57439.3,2161774.9,,0.00159247,-0.02435415,-0.043681296,0.237486225,-0.139649391,0.203206074
8703125.0,2515625.0,5710938.0,1054688.0,187500.0,6109375.0,,3213107.4,9339.4,27472.6,362429.5,-190252.3,5099274.9,,0.199816441,0.000551353,0.001908528,0.34013231,-0.462551267,0.479330036
5226563.0,2382813.0,3343750.0,1125000.0,304688.0,3257813.0,,-263454.6,-123472.6,-2339715.4,432741.5,-73064.3,2247712.9,,-0.016383692,-0.007289239,-0.162540515,0.40611861,-0.177637704,0.211284216
4257813.0,2406250.0,3390625.0,890625.0,250000.0,1710938.0,,-1232204.6,-100035.6,-2292840.4,198366.5,-127752.3,700837.9,,-0.076628232,-0.005905629,-0.159284099,0.186162713,-0.310598015,0.065878512
8843750.0,2757813.0,5617188.0,726563.0,281250.0,3992188.0,,3353732.4,251527.4,-66277.4,34304.5,-96502.3,2982087.9,,0.208561616,0.014848986,-0.004604304,0.032194055,-0.234621389,0.280315206
9429688.0,2398438.0,3656250.0,937500.0,382813.0,2835938.0,,3939670.4,-107847.6,-2027215.4,245241.5,5060.7,1825837.9,,0.244999877,-0.006366813,-0.140831075,0.230153892,0.012303861,0.171628115
6312500.0,781250.0,4898438.0,1015625.0,343750.0,2539063.0,,822482.4,-1725035.6,-785027.4,323366.5,-34002.3,1528962.9,,0.051148463,-0.101837938,-0.054536016,0.303472525,-0.082668137,0.14372197
6101563.0,1906250.0,4312500.0,687500.0,359375.0,2078125.0,,611545.4,-600035.6,-1370965.4,-4758.5,-18377.3,1068024.9,,0.038030731,-0.035423262,-0.095241251,-0.004465731,-0.044679824,0.100393961
6882813.0,2343750.0,6812500.0,1226563.0,289063.0,2820313.0,,1392795.4,-162535.6,1129034.6,534304.5,-88689.3,1810212.9,,0.086615038,-0.009595333,0.078434269,0.501433301,-0.215626017,0.17015937
5539063.0,2671875.0,5312500.0,804688.0,242188.0,2914063.0,,49045.4,165589.4,-370965.4,112429.5,-135564.3,1903962.9,,0.003050031,0.009775614,-0.025771043,0.105512687,-0.329590956,0.178971837
4320313.0,1914063.0,4257813.0,585938.0,320313.0,3359375.0,,-1169704.6,-592222.6,-1425652.4,-106320.5,-57439.3,2349274.9,,-0.072741487,-0.03496202,-0.099040368,-0.099779483,-0.139649391,0.220831008
5289063.0,2007813.0,4085938.0,703125.0,351563.0,4101563.0,,-200954.6,-498472.6,-1597527.4,10866.5,-26189.3,3091462.9,,-0.012496947,-0.029427464,-0.11098056,0.010197996,-0.063672765,0.290596417
4140625.0,3765625.0,4742188.0,656250.0,203125.0,3000000.0,,-1349392.6,1259339.4,-941277.4,-36008.5,-174627.3,1989899.9,,-0.083915909,0.074345437,-0.065390736,-0.033793183,-0.424562954,0.187049885
7367188.0,2226563.0,2835938.0,812500.0,234375.0,3242188.0,,1877170.4,-279722.6,-2847527.4,120241.5,-143377.3,2232087.9,,0.116737308,-0.016513499,-0.197818321,0.112844081,-0.348586328,0.209815471
5945313.0,1875000.0,3445313.0,1007813.0,210938.0,3242188.0,,455295.4,-631285.6,-2238152.4,315554.5,-166814.3,2232087.9,,0.02831387,-0.037268115,-0.155484913,0.296141131,-0.405567582,0.209815471
5835938.0,1468750.0,5179688.0,875000.0,367188.0,2367188.0,,345920.4,-1037535.6,-503777.4,182741.5,-10564.3,1357087.9,,0.021512067,-0.061251192,-0.03499752,0.171498987,-0.025684452,0.127565781
10156250.0,2101563.0,6914063.0,906250.0,281250.0,3234375.0,,4666232.4,-404722.6,1230597.6,213991.5,-96502.3,2224274.9,,0.290183251,-0.023892907,0.085489872,0.20082644,-0.234621389,0.209081052
3531250.0,2367188.0,4015625.0,1109375.0,367188.0,3804688.0,,-1958767.6,-139097.6,-1667840.4,417116.5,-10564.3,2794587.9,,-0.121811668,-0.008211665,-0.115865219,0.391454883,-0.025684452,0.262690272
6781250.0,2195313.0,4070313.0,523438.0,343750.0,2585938.0,,1291232.4,-310972.6,-1613152.4,-168820.5,-34002.3,1575837.9,,0.080299047,-0.018358351,-0.112066032,-0.158434389,-0.082668137,0.148128203
7960938.0,2914063.0,6484375.0,882813.0,234375.0,2125000.0,,2470920.4,407777.4,800909.6,190554.5,-143377.3,1114899.9,,0.153661381,0.024073247,0.055639357,0.178831319,-0.348586328,0.104800194
6445313.0,2671875.0,2226563.0,750000.0,296875.0,2031250.0,,955295.4,165589.4,-3456902.4,57741.5,-80877.3,1021149.9,,0.059407826,0.009775614,-0.240151729,0.054189175,-0.196633076,0.095987727
4085938.0,1648438.0,4601563.0,648438.0,312500.0,2976563.0,,-1404079.6,-857847.6,-1081902.4,-43820.5,-65252.3,1966462.9,,-0.087316779,-0.050643263,-0.075159984,-0.041124577,-0.158644763,0.184846815
3867188.0,1718750.0,4234375.0,804688.0,242188.0,2046875.0,,-1622829.6,-787535.6,-1449090.4,112429.5,-135564.3,1036774.9,,-0.100920385,-0.046492375,-0.100668611,0.105512687,-0.329590956,0.097456472
8375000.0,3976563.0,6187500.0,882813.0,281250.0,2046875.0,,2884982.4,1470277.4,504034.6,190554.5,-96502.3,1036774.9,,0.179411032,0.086798218,0.035015389,0.178831319,-0.234621389,0.097456472
5703125.0,2695313.0,4289063.0,750000.0,304688.0,2179688.0,,213107.4,189027.4,-1394402.4,57741.5,-73064.3,1169587.9,,0.013252704,0.011159282,-0.096869424,0.054189175,-0.177637704,0.109940847
4015625.0,1781250.0,3554688.0,1164063.0,289063.0,1835938.0,,-1474392.6,-725035.6,-2128777.4,471804.5,-88689.3,825837.9,,-0.091689398,-0.042802671,-0.147886609,0.442778395,-0.215626017,0.077628468
6453125.0,2281250.0,6257813.0,804688.0,203125.0,3296875.0,,963107.4,-225035.6,574347.6,112429.5,-174627.3,2286774.9,,0.059893638,-0.013285037,0.039900048,0.105512687,-0.424562954,0.21495603
7835938.0,3390625.0,7140625.0,382813.0,234375.0,1242188.0,,2345920.4,884339.4,1457159.6,-309445.5,-143377.3,232087.9,,0.145887892,0.052207212,0.101229181,-0.290407927,-0.348586328,0.021816178
6765625.0,2390625.0,4867188.0,1132813.0,406250.0,2367188.0,,1275607.4,-115660.6,-816277.4,440554.5,28497.7,1357087.9,,0.079327361,-0.006828055,-0.05670696,0.413450942,0.069285115,0.127565781
5570313.0,1328125.0,5773438.0,773438.0,265625.0,2312500.0,,80295.4,-1178160.6,89972.6,81179.5,-112127.3,1302399.9,,0.004993403,-0.069553026,0.006250416,0.076185234,-0.272609702,0.122425128
8273438.0,2687500.0,4945313.0,1039063.0,273438.0,4390625.0,,2783420.4,181214.4,-738152.4,346804.5,-104314.3,3380524.9,,0.173095103,0.01069804,-0.0512796,0.325468584,-0.25361433,0.317768143
4984375.0,2484375.0,3804688.0,796875.0,351563.0,4343750.0,,-505642.6,-21910.6,-1878777.4,104616.5,-26189.3,3333649.9,,-0.031444858,-0.001293499,-0.130519057,0.098180355,-0.063672765,0.31336191
6210938.0,2648438.0,4226563.0,632813.0,320313.0,4078125.0,,720920.4,142152.4,-1456902.4,-59445.5,-57439.3,3068024.9,,0.044832534,0.008392004,-0.101211312,-0.055788304,-0.139649391,0.288393254
6921875.0,2789063.0,6875000.0,718750.0,195313.0,2171875.0,,1431857.4,282777.4,1191534.6,26491.5,-182439.3,1161774.9,,0.089044222,0.016693838,0.082776157,0.024861722,-0.443555895,0.109206428
6046875.0,2023438.0,5953125.0,945313.0,359375.0,3812500.0,,556857.4,-482847.6,269659.6,253054.5,-18377.3,2802399.9,,0.034629799,-0.028505038,0.018733309,0.237486225,-0.044679824,0.263424598
8328125.0,1664063.0,4687500.0,117188.0,31250.0,882813.0,,2838107.4,-842222.6,-995965.4,-575070.5,-346502.3,-127287.1,,0.176495974,-0.049720837,-0.069189923,-0.539691277,-0.842434398,-0.011964945
9273438.0,2726563.0,4898438.0,328125.0,257813.0,203125.0,,3783420.4,220277.4,-785027.4,-364133.5,-119939.3,-806975.1,,0.235283016,0.013004134,-0.054536016,-0.341731439,-0.291602643,-0.075855377
5476563.0,2507813.0,2585938.0,515625.0,617188.0,328125.0,,-13454.6,1527.4,-3097527.4,-176633.5,239435.7,-681975.1,,-0.000836714,9.01697E-05,-0.215185873,-0.165766721,0.582128557,-0.064105421
5015625.0,1914063.0,3992188.0,656250.0,304688.0,304688.0,,-474392.6,-592222.6,-1691277.4,-36008.5,-73064.3,-705412.1,,-0.029501486,-0.03496202,-0.117493392,-0.033793183,-0.177637704,-0.06630849
7859375.0,1437500.0,5187500.0,882813.0,296875.0,468750.0,,2369357.4,-1068785.6,-495965.4,190554.5,-80877.3,-541350.1,,0.14734539,-0.063096044,-0.034454819,0.178831319,-0.196633076,-0.05088672
5625000.0,2007813.0,3796875.0,710938.0,406250.0,304688.0,,134982.4,-498472.6,-1886590.4,18679.5,28497.7,-705412.1,,0.008394273,-0.029427464,-0.131061827,0.017530328,0.069285115,-0.06630849
8500000.0,1835938.0,4093750.0,695313.0,312500.0,515625.0,,3009982.4,-670347.6,-1589715.4,3054.5,-65252.3,-494475.1,,0.187184521,-0.03957415,-0.110437859,0.002866602,-0.158644763,-0.046480487
5890625.0,2203125.0,3851563.0,640625.0,304688.0,437500.0,,400607.4,-303160.6,-1831902.4,-51633.5,-73064.3,-572600.1,,0.024912938,-0.017897168,-0.12726264,-0.04845691,-0.177637704,-0.053824209
12828125.0,2359375.0,5859375.0,828125.0,562500.0,351563.0,,7338107.4,-146910.6,175909.6,135866.5,184747.7,-658537.1,,0.456341579,-0.008672907,0.012220477,0.127507807,0.449168245,-0.061902257
5625000.0,2945313.0,7937500.0,554688.0,273438.0,609375.0,,134982.4,439027.4,2254034.6,-137570.5,-104314.3,-400725.1,,0.008394273,0.025918099,0.156588254,-0.129106936,-0.25361433,-0.03766802
7781250.0,2179688.0,8289063.0,609375.0,335938.0,671875.0,,2291232.4,-326597.6,2605597.6,-82883.5,-41814.3,-338225.1,,0.142486959,-0.019280777,0.181011408,-0.077784363,-0.101661078,-0.031793042
9476563.0,2500000.0,4000000.0,585938.0,437500.0,414063.0,,3986545.4,-6285.6,-1683465.4,-106320.5,59747.7,-596037.1,,0.247914935,-0.000371073,-0.116950691,-0.099779483,0.145261741,-0.056027279
4023438.0,1609375.0,5000000.0,796875.0,250000.0,492188.0,,-1466579.6,-896910.6,-683465.4,104616.5,-127752.3,-517912.1,,-0.091203524,-0.052949357,-0.047480483,0.098180355,-0.310598015,-0.048683557
5750000.0,2054688.0,2453125.0,703125.0,390625.0,406250.0,,259982.4,-451597.6,-3230340.4,10866.5,12872.7,-603850.1,,0.016167762,-0.026660186,-0.22441242,0.010197996,0.031296802,-0.056761698
6312500.0,2531250.0,5609375.0,656250.0,585938.0,343750.0,,822482.4,24964.4,-74090.4,-36008.5,208185.7,-666350.1,,0.051148463,0.001473779,-0.005147075,-0.033793183,0.506151931,-0.062636676
6023438.0,2851563.0,3585938.0,648438.0,320313.0,500000.0,,533420.4,345277.4,-2097527.4,-43820.5,-57439.3,-510100.1,,0.033172301,0.020383543,-0.145715665,-0.041124577,-0.139649391,-0.047949232
8070313.0,3039063.0,6750000.0,640625.0,500000.0,570313.0,,2580295.4,532777.4,1066534.6,-51633.5,122247.7,-439787.1,,0.160463184,0.031452655,0.074092381,-0.04845691,0.297214993,-0.041339834
6218750.0,2929688.0,4546875.0,796875.0,343750.0,554688.0,,728732.4,423402.4,-1136590.4,104616.5,-34002.3,-455412.1,,0.045318346,0.024995673,-0.078959171,0.098180355,-0.082668137,-0.042808579
4976563.0,2156250.0,5039063.0,617188.0,375000.0,460938.0,,-513454.6,-350035.6,-644402.4,-75070.5,-2752.3,-549162.1,,-0.03193067,-0.020664446,-0.044766768,-0.07045203,-0.006691511,-0.051621046
5421875.0,2328125.0,3859375.0,664063.0,296875.0,421875.0,,-68142.6,-178160.6,-1824090.4,-28195.5,-80877.3,-588225.1,,-0.004237646,-0.010517759,-0.126719939,-0.026460851,-0.196633076,-0.055292954
5671875.0,2210938.0,3710938.0,710938.0,335938.0,546875.0,,181857.4,-295347.6,-1972527.4,18679.5,-41814.3,-463225.1,,0.011309332,-0.017435925,-0.137031889,0.017530328,-0.101661078,-0.043542998
5421875.0,1835938.0,4343750.0,679688.0,320313.0,367188.0,,-68142.6,-670347.6,-1339715.4,-12570.5,-57439.3,-642912.1,,-0.004237646,-0.03957415,-0.093070307,-0.011797125,-0.139649391,-0.060433513
7929688.0,1929688.0,6765625.0,710938.0,390625.0,679688.0,,2439670.4,-576597.6,1082159.6,18679.5,12872.7,-330412.1,,0.151718009,-0.034039594,0.075177853,0.017530328,0.031296802,-0.031058623
3843750.0,1578125.0,6703125.0,539063.0,343750.0,742188.0,,-1646267.6,-928160.6,1019659.6,-153195.5,-34002.3,-267912.1,,-0.102377945,-0.054794209,0.070835965,-0.143770663,-0.082668137,-0.025183645
6890625.0,1914063.0,6015625.0,742188.0,539063.0,765625.0,,1400607.4,-592222.6,332159.6,49929.5,161310.7,-244475.1,,0.08710085,-0.03496202,0.023075197,0.046857781,0.392186991,-0.022980575
10351563.0,2468750.0,5070313.0,812500.0,335938.0,593750.0,,4861545.4,-37535.6,-613152.4,120241.5,-41814.3,-416350.1,,0.302329359,-0.002215925,-0.042595824,0.112844081,-0.101661078,-0.039136765
3937500.0,2156250.0,4726563.0,507813.0,460938.0,476563.0,,-1552517.6,-350035.6,-956902.4,-184445.5,83185.7,-533537.1,,-0.096547829,-0.020664446,-0.066476208,-0.173098115,0.202245426,-0.050152301
7429688.0,3140625.0,4031250.0,875000.0,468750.0,687500.0,,1939670.4,634339.4,-1652215.4,182741.5,90997.7,-322600.1,,0.120624052,0.037448395,-0.114779747,0.171498987,0.221238367,-0.030324298
5703125.0,2859375.0,5515625.0,742188.0,601563.0,554688.0,,213107.4,353089.4,-167840.4,49929.5,223810.7,-455412.1,,0.013252704,0.020844726,-0.011659907,0.046857781,0.544140244,-0.042808579
6882813.0,1148438.0,4062500.0,796875.0,320313.0,398438.0,,1392795.4,-1357847.6,-1620965.4,104616.5,-57439.3,-611662.1,,0.086615038,-0.080160896,-0.112608803,0.098180355,-0.139649391,-0.057496024
5570313.0,2546875.0,4804688.0,757813.0,492188.0,742188.0,,80295.4,40589.4,-878777.4,65554.5,114435.7,-267912.1,,0.004993403,0.002396205,-0.061048848,0.061521508,0.278222052,-0.025183645
5835938.0,2351563.0,3500000.0,632813.0,445313.0,500000.0,,345920.4,-154722.6,-2183465.4,-59445.5,67560.7,-510100.1,,0.021512067,-0.009134091,-0.151685795,-0.055788304,0.164257113,-0.047949232
5398438.0,1867188.0,5460938.0,781250.0,375000.0,625000.0,,-91579.6,-639097.6,-222527.4,88991.5,-2752.3,-385100.1,,-0.005695144,-0.037729298,-0.015459024,0.083516628,-0.006691511,-0.036199276
6390625.0,3515625.0,6515625.0,578125.0,414063.0,585938.0,,900607.4,1009339.4,832159.6,-114133.5,36310.7,-424162.1,,0.056006894,0.05958662,0.057810301,-0.107111816,0.088280487,-0.03987109
7546875.0,2125000.0,3609375.0,851563.0,343750.0,507813.0,,2056857.4,-381285.6,-2074090.4,159304.5,-34002.3,-502287.1,,0.127911667,-0.022509298,-0.144087491,0.149503866,-0.082668137,-0.047214812
6781250.0,1539063.0,3148438.0,726563.0,250000.0,375000.0,,1291232.4,-967222.6,-2535027.4,34304.5,-127752.3,-635100.1,,0.080299047,-0.057100245,-0.176108881,0.032194055,-0.310598015,-0.059699187
5398438.0,1937500.0,3421875.0,656250.0,218750.0,546875.0,,-91579.6,-568785.6,-2261590.4,-36008.5,-159002.3,-463225.1,,-0.005695144,-0.03357841,-0.157113155,-0.033793183,-0.386574641,-0.043542998
8640625.0,2367188.0,5406250.0,695313.0,500000.0,507813.0,,3150607.4,-139097.6,-277215.4,3054.5,122247.7,-502287.1,,0.195929696,-0.008211665,-0.019258211,0.002866602,0.297214993,-0.047214812
6968750.0,1843750.0,5625000.0,656250.0,304688.0,375000.0,,1478732.4,-662535.6,-58465.4,-36008.5,-73064.3,-635100.1,,0.091959281,-0.039112967,-0.004061603,-0.033793183,-0.177637704,-0.059699187
4648438.0,2609375.0,4062500.0,546875.0,414063.0,523438.0,,-841579.6,103089.4,-1620965.4,-145383.5,36310.7,-486662.1,,-0.052336079,0.006085909,-0.112608803,-0.136439269,0.088280487,-0.045746068
4734375.0,3054688.0,4867188.0,656250.0,429688.0,546875.0,,-755642.6,548402.4,-816277.4,-36008.5,51935.7,-463225.1,,-0.046991836,0.032375081,-0.05670696,-0.033793183,0.1262688,-0.043542998
5585938.0,2484375.0,5398438.0,703125.0,390625.0,664063.0,,95920.4,-21910.6,-285027.4,10866.5,12872.7,-346037.1,,0.005965089,-0.001293499,-0.019800912,0.010197996,0.031296802,-0.032527368
9179688.0,3132813.0,4710938.0,820313.0,414063.0,414063.0,,3689670.4,626527.4,-972527.4,128054.5,36310.7,-596037.1,,0.229452899,0.036987211,-0.06756168,0.120176413,0.088280487,-0.056027279
9085938.0,2304688.0,6320313.0,640625.0,398438.0,460938.0,"Concentration, Eyes Open",3595920.4,-201597.6,636847.6,-51633.5,20685.7,-549162.1,"Concentration, Eyes Open",0.223622782,-0.011901369,0.044241936,-0.04845691,0.050292174,-0.051621046
5937500.0,2773438.0,5593750.0,757813.0,398438.0,679688.0,,447482.4,267152.4,-89715.4,65554.5,20685.7,-330412.1,,0.027827996,0.015771412,-0.006232547,0.061521508,0.050292174,-0.031058623
8382813.0,2007813.0,4882813.0,460938.0,437500.0,531250.0,,2892795.4,-498472.6,-800652.4,-231320.5,59747.7,-478850.1,,0.179896906,-0.029427464,-0.055621488,-0.217089295,0.145261741,-0.045011743
7062500.0,2039063.0,4140625.0,773438.0,343750.0,414063.0,,1572482.4,-467222.6,-1542840.4,81179.5,-34002.3,-596037.1,,0.097789397,-0.027582612,-0.107181443,0.076185234,-0.082668137,-0.056027279
5328125.0,1578125.0,3500000.0,562500.0,273438.0,453125.0,,-161892.6,-928160.6,-2183465.4,-129758.5,-104314.3,-556975.1,,-0.010067763,-0.054794209,-0.151685795,-0.121775542,-0.25361433,-0.052355465
3203125.0,1570313.0,4718750.0,625000.0,335938.0,554688.0,,-2286892.6,-935972.6,-964715.4,-67258.5,-41814.3,-455412.1,,-0.142217077,-0.055255393,-0.067018979,-0.063120636,-0.101661078,-0.042808579
6851563.0,2328125.0,4882813.0,789063.0,390625.0,625000.0,,1361545.4,-178160.6,-800652.4,96804.5,12872.7,-385100.1,,0.084671666,-0.010517759,-0.055621488,0.090848961,0.031296802,-0.036199276
6906250.0,2070313.0,3937500.0,781250.0,421875.0,437500.0,,1416232.4,-435972.6,-1745965.4,88991.5,44122.7,-572600.1,,0.088072536,-0.02573776,-0.121292579,0.083516628,0.107273428,-0.053824209
15867188.0,2632813.0,5671875.0,671875.0,460938.0,546875.0,,10377170.4,126527.4,-11590.4,-20383.5,83185.7,-463225.1,,0.645334563,0.007469578,-0.000805187,-0.019129457,0.202245426,-0.043542998
7312500.0,2218750.0,5062500.0,648438.0,468750.0,632813.0,,1822482.4,-287535.6,-620965.4,-43820.5,90997.7,-377287.1,,0.113336375,-0.016974742,-0.043138595,-0.041124577,0.221238367,-0.035464856
6695313.0,2898438.0,3703125.0,500000.0,625000.0,484375.0,,1205295.4,392152.4,-1980340.4,-192258.5,247247.7,-525725.1,,0.074954804,0.023150821,-0.137574659,-0.180430448,0.601121498,-0.049417976
5804688.0,1640625.0,6203125.0,601563.0,296875.0,429688.0,,314670.4,-865660.6,519659.6,-90695.5,-80877.3,-580412.1,,0.019568695,-0.051104505,0.036100861,-0.085115757,-0.196633076,-0.054558535
5554688.0,2070313.0,3375000.0,687500.0,390625.0,492188.0,,64670.4,-435972.6,-2308465.4,-4758.5,12872.7,-517912.1,,0.004021717,-0.02573776,-0.160369571,-0.004465731,0.031296802,-0.048683557
3960938.0,1898438.0,5578125.0,640625.0,453125.0,476563.0,,-1529079.6,-607847.6,-105340.4,-51633.5,75372.7,-533537.1,,-0.095090268,-0.035884446,-0.007318019,-0.04845691,0.183250054,-0.050152301
8257813.0,1765625.0,7906250.0,898438.0,437500.0,679688.0,,2767795.4,-740660.6,2222784.6,206179.5,59747.7,-330412.1,,0.172123417,-0.043725097,0.15441731,0.193495046,0.145261741,-0.031058623
7007813.0,1750000.0,3507813.0,640625.0,289063.0,375000.0,,1517795.4,-756285.6,-2175652.4,-51633.5,-88689.3,-635100.1,,0.094388527,-0.044647523,-0.151143025,-0.04845691,-0.215626017,-0.059699187
5101563.0,2156250.0,4078125.0,484375.0,515625.0,484375.0,,-388454.6,-350035.6,-1605340.4,-207883.5,137872.7,-525725.1,,-0.024157181,-0.020664446,-0.111523331,-0.195094174,0.335203306,-0.049417976
4085938.0,2023438.0,3070313.0,671875.0,414063.0,273438.0,,-1404079.6,-482847.6,-2613152.4,-20383.5,36310.7,-736662.1,,-0.087316779,-0.028505038,-0.181536241,-0.019129457,0.088280487,-0.069245979
6812500.0,1164063.0,2710938.0,640625.0,390625.0,500000.0,,1322482.4,-1342222.6,-2972527.4,-51633.5,12872.7,-510100.1,,0.082242419,-0.07923847,-0.206502097,-0.04845691,0.031296802,-0.047949232
6742188.0,1546875.0,4179688.0,625000.0,382813.0,437500.0,,1252170.4,-959410.6,-1503777.4,-67258.5,5060.7,-572600.1,,0.077869863,-0.056639061,-0.104467728,-0.063120636,0.012303861,-0.053824209
6039063.0,1507813.0,3679688.0,750000.0,632813.0,531250.0,,549045.4,-998472.6,-2003777.4,57741.5,255060.7,-478850.1,,0.034143987,-0.058945097,-0.139202833,0.054189175,0.62011687,-0.045011743
7078125.0,2304688.0,3171875.0,671875.0,273438.0,367188.0,,1588107.4,-201597.6,-2511590.4,-20383.5,-104314.3,-642912.1,,0.098761083,-0.011901369,-0.174480707,-0.019129457,-0.25361433,-0.060433513
3945313.0,2132813.0,4718750.0,492188.0,296875.0,562500.0,,-1544704.6,-373472.6,-964715.4,-200070.5,-80877.3,-447600.1,,-0.096061955,-0.022048055,-0.067018979,-0.187761842,-0.196633076,-0.042074254
6437500.0,2226563.0,3625000.0,539063.0,562500.0,414063.0,,947482.4,-279722.6,-2058465.4,-153195.5,184747.7,-596037.1,,0.058921952,-0.016513499,-0.143002019,-0.143770663,0.449168245,-0.056027279
10515625.0,2531250.0,6625000.0,617188.0,546875.0,531250.0,,5025607.4,24964.4,941534.6,-75070.5,169122.7,-478850.1,,0.312532032,0.001473779,0.065408605,-0.07045203,0.411179932,-0.045011743
6015625.0,1843750.0,4054688.0,734375.0,296875.0,429688.0,,525607.4,-662535.6,-1628777.4,42116.5,-80877.3,-580412.1,,0.032686427,-0.039112967,-0.113151504,0.039525449,-0.196633076,-0.054558535
11281250.0,3601563.0,10796875.0,671875.0,460938.0,429688.0,,5791232.4,1095277.4,5113409.6,-20383.5,83185.7,-580412.1,,0.360144652,0.064659993,0.35522963,-0.019129457,0.202245426,-0.054558535
9328125.0,2398438.0,4117188.0,734375.0,343750.0,828125.0,,3838107.4,-107847.6,-1566277.4,42116.5,-34002.3,-181975.1,,0.238683886,-0.006366813,-0.108809616,0.039525449,-0.082668137,-0.017105598
9234375.0,2695313.0,2781250.0,929688.0,492188.0,640625.0,,3744357.4,189027.4,-2902215.4,237429.5,114435.7,-369475.1,,0.232853769,0.011159282,-0.201617507,0.222822499,0.278222052,-0.034730531
9765625.0,2578125.0,5187500.0,695313.0,789063.0,578125.0,,4275607.4,71839.4,-495965.4,3054.5,411310.7,-431975.1,,0.265891098,0.004241057,-0.034454819,0.002866602,1,-0.040605509
2914063.0,1859375.0,5382813.0,437500.0,210938.0,539063.0,,-2575954.6,-646910.6,-300652.4,-254758.5,-166814.3,-471037.1,,-0.160193239,-0.038190541,-0.020886384,-0.239085354,-0.405567582,-0.044277323
1781250.0,1851563.0,6546875.0,515625.0,273438.0,453125.0,,-3708767.6,-654722.6,863409.6,-176633.5,-104314.3,-556975.1,,-0.230640515,-0.038651724,0.059981245,-0.165766721,-0.25361433,-0.052355465
7929688.0,7093750.0,6398438.0,828125.0,296875.0,617188.0,,2439670.4,4587464.4,714972.6,135866.5,-80877.3,-392912.1,,0.151718009,0.270822184,0.049669296,0.127507807,-0.196633076,-0.036933601
4960938.0,2468750.0,5460938.0,609375.0,367188.0,687500.0,,-529079.6,-37535.6,-222527.4,-82883.5,-10564.3,-322600.1,,-0.032902356,-0.002215925,-0.015459024,-0.077784363,-0.025684452,-0.030324298
4437500.0,1898438.0,3921875.0,539063.0,296875.0,367188.0,,-1052517.6,-607847.6,-1761590.4,-153195.5,-80877.3,-642912.1,,-0.065453873,-0.035884446,-0.122378051,-0.143770663,-0.196633076,-0.060433513
5156250.0,1640625.0,3632813.0,578125.0,343750.0,500000.0,,-333767.6,-865660.6,-2050652.4,-114133.5,-34002.3,-510100.1,,-0.020756311,-0.051104505,-0.142459249,-0.107111816,-0.082668137,-0.047949232
7734375.0,3085938.0,6289063.0,671875.0,460938.0,734375.0,,2244357.4,579652.4,605597.6,-20383.5,83185.7,-275725.1,,0.139571901,0.034219933,0.042070992,-0.019129457,0.202245426,-0.025918064
3867188.0,2007813.0,6101563.0,585938.0,351563.0,460938.0,,-1622829.6,-498472.6,418097.6,-106320.5,-26189.3,-549162.1,,-0.100920385,-0.029427464,0.029045328,-0.099779483,-0.063672765,-0.051621046
4093750.0,2695313.0,4945313.0,484375.0,515625.0,609375.0,,-1396267.6,189027.4,-738152.4,-207883.5,137872.7,-400725.1,,-0.086830967,0.011159282,-0.0512796,-0.195094174,0.335203306,-0.03766802
8484375.0,4773438.0,6101563.0,640625.0,468750.0,343750.0,,2994357.4,2267152.4,418097.6,-51633.5,90997.7,-666350.1,,0.186212835,0.133841946,0.029045328,-0.04845691,0.221238367,-0.062636676
4148438.0,4484375.0,6203125.0,515625.0,570313.0,414063.0,,-1341579.6,1978089.4,519659.6,-176633.5,192560.7,-596037.1,,-0.083430035,0.116777035,0.036100861,-0.165766721,0.468163618,-0.056027279
4164063.0,3265625.0,4625000.0,484375.0,414063.0,539063.0,,-1325954.6,759339.4,-1058465.4,-207883.5,36310.7,-471037.1,,-0.082458349,0.044827803,-0.073531811,-0.195094174,0.088280487,-0.044277323
3156250.0,2148438.0,3789063.0,515625.0,492188.0,539063.0,,-2333767.6,-357847.6,-1894402.4,-176633.5,114435.7,-471037.1,,-0.145132135,-0.021125629,-0.131604529,-0.165766721,0.278222052,-0.044277323
4187500.0,2414063.0,4015625.0,500000.0,382813.0,453125.0,,-1302517.6,-92222.6,-1667840.4,-192258.5,5060.7,-556975.1,,-0.081000851,-0.005444387,-0.115865219,-0.180430448,0.012303861,-0.052355465
3210938.0,1562500.0,3648438.0,515625.0,296875.0,335938.0,,-2279079.6,-943785.6,-2035027.4,-176633.5,-80877.3,-674162.1,,-0.141731203,-0.055716635,-0.141373777,-0.165766721,-0.196633076,-0.063371002
2742188.0,1734375.0,2296875.0,609375.0,507813.0,468750.0,,-2747829.6,-771910.6,-3386590.4,-82883.5,130060.7,-541350.1,,-0.170881787,-0.045569949,-0.23526714,-0.077784363,0.316210365,-0.05088672
1710938.0,2140625.0,4398438.0,562500.0,304688.0,296875.0,,-3779079.6,-365660.6,-1285027.4,-129758.5,-73064.3,-713225.1,,-0.235013071,-0.021586872,-0.08927112,-0.121775542,-0.177637704,-0.06704291
3945313.0,2851563.0,10789063.0,578125.0,328125.0,617188.0,,-1544704.6,345277.4,5105597.6,-114133.5,-49627.3,-392912.1,,-0.096061955,0.020383543,0.354686929,-0.107111816,-0.12065645,-0.036933601
4789063.0,1687500.0,5968750.0,648438.0,335938.0,664063.0,,-700954.6,-818785.6,285284.6,-43820.5,-41814.3,-346037.1,,-0.043590904,-0.048337227,0.019818781,-0.041124577,-0.101661078,-0.032527368
3437500.0,1789063.0,4726563.0,648438.0,343750.0,828125.0,,-2052517.6,-717222.6,-956902.4,-43820.5,-34002.3,-181975.1,,-0.127641785,-0.042341428,-0.066476208,-0.041124577,-0.082668137,-0.017105598
3265625.0,1976563.0,4476563.0,578125.0,453125.0,632813.0,,-2224392.6,-529722.6,-1206902.4,-114133.5,75372.7,-377287.1,,-0.138330332,-0.031272316,-0.08384376,-0.107111816,0.183250054,-0.035464856
2351563.0,1414063.0,4007813.0,554688.0,343750.0,468750.0,,-3138454.6,-1092222.6,-1675652.4,-137570.5,-34002.3,-541350.1,,-0.19517394,-0.064479653,-0.11640792,-0.129106936,-0.082668137,-0.05088672
10273438.0,2046875.0,4773438.0,757813.0,421875.0,484375.0,,4783420.4,-459410.6,-910027.4,65554.5,44122.7,-525725.1,,0.297470928,-0.027121428,-0.063219792,0.061521508,0.107273428,-0.049417976
4437500.0,2875000.0,5484375.0,585938.0,343750.0,375000.0,,-1052517.6,368714.4,-199090.4,-106320.5,-34002.3,-635100.1,,-0.065453873,0.021767152,-0.013830851,-0.099779483,-0.082668137,-0.059699187
3296875.0,1703125.0,5117188.0,757813.0,250000.0,539063.0,,-2193142.6,-803160.6,-566277.4,65554.5,-127752.3,-471037.1,,-0.13638696,-0.047414801,-0.039339408,0.061521508,-0.310598015,-0.044277323
7570313.0,1914063.0,5914063.0,976563.0,468750.0,546875.0,,2080295.4,-592222.6,230597.6,284304.5,90997.7,-463225.1,,0.129369228,-0.03496202,0.016019664,0.266813678,0.221238367,-0.043542998
4117188.0,2312500.0,5734375.0,679688.0,367188.0,625000.0,,-1372829.6,-193785.6,50909.6,-12570.5,-10564.3,-385100.1,,-0.085373407,-0.011440185,0.003536701,-0.011797125,-0.025684452,-0.036199276
4914063.0,2421875.0,6773438.0,562500.0,437500.0,687500.0,,-575954.6,-84410.6,1089972.6,-129758.5,59747.7,-322600.1,,-0.035817414,-0.004983203,0.075720624,-0.121775542,0.145261741,-0.030324298
12000000.0,11187500.0,7710938.0,695313.0,703125.0,851563.0,,6509982.4,8681214.4,2027472.6,3054.5,325372.7,-158537.1,,0.404842214,0.512497807,0.140848944,0.002866602,0.791063063,-0.014902434
4820313.0,4296875.0,3843750.0,601563.0,757813.0,687500.0,,-669704.6,1790589.4,-1839715.4,-90695.5,380060.7,-322600.1,,-0.041647531,0.105707922,-0.127805411,-0.085115757,0.924023374,-0.030324298
5640625.0,2742188.0,3710938.0,570313.0,515625.0,476563.0,,150607.4,235902.4,-1972527.4,-121945.5,137872.7,-533537.1,,0.009365959,0.01392656,-0.137031889,-0.11444321,0.335203306,-0.050152301
5593750.0,4554688.0,6929688.0,695313.0,375000.0,406250.0,,103732.4,2048402.4,1246222.6,3054.5,-2752.3,-603850.1,,0.006450901,0.120927981,0.086575344,0.002866602,-0.006691511,-0.056761698
8023438.0,2421875.0,6265625.0,710938.0,429688.0,445313.0,,2533420.4,-84410.6,582159.6,18679.5,51935.7,-564787.1,,0.157548125,-0.004983203,0.040442749,0.017530328,0.1262688,-0.05308979
3312500.0,2515625.0,4296875.0,515625.0,398438.0,359375.0,,-2177517.6,9339.4,-1386590.4,-176633.5,20685.7,-650725.1,,-0.135415274,0.000551353,-0.096326723,-0.165766721,0.050292174,-0.061167932
2460938.0,2750000.0,3335938.0,523438.0,437500.0,468750.0,,-3029079.6,243714.4,-2347527.4,-168820.5,59747.7,-541350.1,,-0.188372137,0.014387744,-0.163083217,-0.158434389,0.145261741,-0.05088672
7718750.0,1968750.0,3765625.0,703125.0,328125.0,390625.0,,2228732.4,-537535.6,-1917840.4,10866.5,-49627.3,-619475.1,,0.138600215,-0.031733558,-0.133232771,0.010197996,-0.12065645,-0.058230443
3664063.0,4164063.0,4453125.0,468750.0,218750.0,296875.0,,-1825954.6,1657777.4,-1230340.4,-223508.5,-159002.3,-713225.1,,-0.113552305,0.09786733,-0.085472003,-0.209757901,-0.386574641,-0.06704291
7203125.0,2453125.0,3609375.0,734375.0,437500.0,429688.0,,1713107.4,-53160.6,-2074090.4,42116.5,59747.7,-580412.1,,0.106534572,-0.003138351,-0.144087491,0.039525449,0.145261741,-0.054558535
3375000.0,2664063.0,4234375.0,484375.0,328125.0,351563.0,,-2115017.6,157777.4,-1449090.4,-207883.5,-49627.3,-658537.1,,-0.131528529,0.00931443,-0.100668611,-0.195094174,-0.12065645,-0.061902257
3445313.0,3234375.0,3921875.0,539063.0,382813.0,382813.0,,-2044704.6,728089.4,-1761590.4,-153195.5,5060.7,-627287.1,,-0.127155911,0.042982951,-0.122378051,-0.143770663,0.012303861,-0.058964768
4000000.0,2703125.0,5562500.0,601563.0,515625.0,554688.0,,-1490017.6,196839.4,-120965.4,-90695.5,137872.7,-455412.1,,-0.092661084,0.011620466,-0.008403491,-0.085115757,0.335203306,-0.042808579
4734375.0,1828125.0,4554688.0,960938.0,500000.0,664063.0,,-755642.6,-678160.6,-1128777.4,268679.5,122247.7,-346037.1,,-0.046991836,-0.040035393,-0.0784164,0.252149951,0.297214993,-0.032527368
3515625.0,2718750.0,5187500.0,492188.0,421875.0,523438.0,,-1974392.6,212464.4,-495965.4,-200070.5,44122.7,-486662.1,,-0.122783354,0.012542892,-0.034454819,-0.187761842,0.107273428,-0.045746068
3554688.0,2820313.0,3625000.0,585938.0,351563.0,726563.0,,-1935329.6,314027.4,-2058465.4,-106320.5,-26189.3,-283537.1,,-0.120354108,0.018538691,-0.143002019,-0.099779483,-0.063672765,-0.02665239
3484375.0,2781250.0,6031250.0,671875.0,242188.0,750000.0,,-2005642.6,274964.4,347784.6,-20383.5,-135564.3,-260100.1,,-0.124726726,0.016232596,0.024160669,-0.019129457,-0.329590956,-0.02444932
4734375.0,2734375.0,4445313.0,632813.0,304688.0,757813.0,,-755642.6,228089.4,-1238152.4,-59445.5,-73064.3,-252287.1,,-0.046991836,0.013465318,-0.086014704,-0.055788304,-0.177637704,-0.023714901
3664063.0,1671875.0,4015625.0,445313.0,257813.0,835938.0,,-1825954.6,-834410.6,-1667840.4,-246945.5,-119939.3,-174162.1,,-0.113552305,-0.049259653,-0.115865219,-0.231753021,-0.291602643,-0.016371178
4484375.0,2273438.0,5359375.0,648438.0,351563.0,625000.0,,-1005642.6,-232847.6,-324090.4,-43820.5,-26189.3,-385100.1,,-0.062538814,-0.013746221,-0.022514627,-0.041124577,-0.063672765,-0.036199276
6609375.0,1523438.0,5140625.0,687500.0,375000.0,617188.0,,1119357.4,-982847.6,-542840.4,-4758.5,-2752.3,-392912.1,,0.0696105,-0.058022671,-0.037711235,-0.004465731,-0.006691511,-0.036933601
2812500.0,3289063.0,3890625.0,656250.0,484375.0,656250.0,,-2677517.6,782777.4,-1792840.4,-36008.5,106622.7,-353850.1,,-0.16650923,0.046211472,-0.124548995,-0.033793183,0.25922668,-0.033261787
9304688.0,3984375.0,6625000.0,640625.0,406250.0,640625.0,,3814670.4,1478089.4,941534.6,-51633.5,28497.7,-369475.1,,0.237226388,0.087259401,0.065408605,-0.04845691,0.069285115,-0.034730531
4882813.0,2242188.0,5648438.0,703125.0,468750.0,492188.0,,-607204.6,-264097.6,-35027.4,10866.5,90997.7,-517912.1,,-0.037760787,-0.015591073,-0.00243336,0.010197996,0.221238367,-0.048683557
3984375.0,2125000.0,4140625.0,648438.0,476563.0,617188.0,,-1505642.6,-381285.6,-1542840.4,-43820.5,98810.7,-392912.1,,-0.09363277,-0.022509298,-0.107181443,-0.041124577,0.240233739,-0.036933601
5156250.0,2421875.0,3648438.0,648438.0,343750.0,460938.0,,-333767.6,-84410.6,-2035027.4,-43820.5,-34002.3,-549162.1,,-0.020756311,-0.004983203,-0.141373777,-0.041124577,-0.082668137,-0.051621046
5875000.0,1617188.0,4343750.0,695313.0,242188.0,453125.0,,384982.4,-889097.6,-1339715.4,3054.5,-135564.3,-556975.1,,0.023941251,-0.052488115,-0.093070307,0.002866602,-0.329590956,-0.052355465
4773438.0,2984375.0,5789063.0,554688.0,304688.0,523438.0,,-716579.6,478089.4,105597.6,-137570.5,-73064.3,-486662.1,,-0.04456259,0.028224134,0.007335888,-0.129106936,-0.177637704,-0.045746068
4546875.0,1921875.0,4218750.0,820313.0,406250.0,546875.0,,-943142.6,-584410.6,-1464715.4,128054.5,28497.7,-463225.1,,-0.05865207,-0.034500836,-0.101754083,0.120176413,0.069285115,-0.043542998
4359375.0,2320313.0,5164063.0,554688.0,492188.0,593750.0,,-1130642.6,-185972.6,-519402.4,-137570.5,114435.7,-416350.1,,-0.070312303,-0.010978943,-0.036082992,-0.129106936,0.278222052,-0.039136765
5093750.0,2234375.0,2773438.0,750000.0,375000.0,320313.0,,-396267.6,-271910.6,-2910027.4,57741.5,-2752.3,-689787.1,,-0.024643055,-0.016052316,-0.202160209,0.054189175,-0.006691511,-0.064839746
4414063.0,2445313.0,5820313.0,554688.0,507813.0,812500.0,,-1075954.6,-60972.6,136847.6,-137570.5,130060.7,-197600.1,,-0.066911371,-0.003599534,0.009506832,-0.129106936,0.316210365,-0.018574342
3515625.0,2046875.0,2617188.0,757813.0,328125.0,476563.0,,-1974392.6,-459410.6,-3066277.4,65554.5,-49627.3,-533537.1,,-0.122783354,-0.027121428,-0.213014929,0.061521508,-0.12065645,-0.050152301
9078125.0,2492188.0,4437500.0,914063.0,531250.0,617188.0,,3588107.4,-14097.6,-1245965.4,221804.5,153497.7,-392912.1,,0.223136908,-0.000832256,-0.086557475,0.208158772,0.373191619,-0.036933601
7726563.0,1937500.0,4437500.0,914063.0,398438.0,531250.0,,2236545.4,-568785.6,-1245965.4,221804.5,20685.7,-478850.1,,0.139086089,-0.03357841,-0.086557475,0.208158772,0.050292174,-0.045011743
5671875.0,1781250.0,3500000.0,703125.0,476563.0,460938.0,,181857.4,-725035.6,-2183465.4,10866.5,98810.7,-549162.1,,0.011309332,-0.042802671,-0.151685795,0.010197996,0.240233739,-0.051621046
7281250.0,1648438.0,3968750.0,835938.0,265625.0,531250.0,,1791232.4,-857847.6,-1714715.4,143679.5,-112127.3,-478850.1,,0.111393003,-0.050643263,-0.119121635,0.13484014,-0.272609702,-0.045011743
6351563.0,1718750.0,5546875.0,531250.0,421875.0,492188.0,,861545.4,-787535.6,-136590.4,-161008.5,44122.7,-517912.1,,0.053577709,-0.046492375,-0.009488963,-0.151102995,0.107273428,-0.048683557
4757813.0,1937500.0,4406250.0,484375.0,296875.0,351563.0,,-732204.6,-568785.6,-1277215.4,-207883.5,-80877.3,-658537.1,,-0.045534276,-0.03357841,-0.088728419,-0.195094174,-0.196633076,-0.061902257
2976563.0,1640625.0,5906250.0,578125.0,453125.0,437500.0,,-2513454.6,-865660.6,222784.6,-114133.5,75372.7,-572600.1,,-0.156306495,-0.051104505,0.015476893,-0.107111816,0.183250054,-0.053824209
4695313.0,1500000.0,5039063.0,656250.0,507813.0,718750.0,,-794704.6,-1006285.6,-644402.4,-36008.5,130060.7,-291350.1,,-0.04942102,-0.05940634,-0.044766768,-0.033793183,0.316210365,-0.027386809
6093750.0,2843750.0,4789063.0,695313.0,414063.0,570313.0,,603732.4,337464.4,-894402.4,3054.5,36310.7,-439787.1,,0.037544857,0.0199223,-0.06213432,0.002866602,0.088280487,-0.041339834
8000000.0,1632813.0,5984375.0,867188.0,500000.0,609375.0,,2509982.4,-873472.6,300909.6,174929.5,122247.7,-400725.1,,0.156090565,-0.051565689,0.020904253,0.164167593,0.297214993,-0.03766802
8421875.0,2843750.0,2820313.0,1156250.0,617188.0,414063.0,,2931857.4,337464.4,-2863152.4,463991.5,239435.7,-596037.1,,0.182326091,0.0199223,-0.198903793,0.435446063,0.582128557,-0.056027279
7203125.0,2859375.0,3773438.0,1070313.0,554688.0,843750.0,,1713107.4,353089.4,-1910027.4,378054.5,176935.7,-166350.1,,0.106534572,0.020844726,-0.132690001,0.354796037,0.430175305,-0.015636853
5000000.0,2226563.0,8632813.0,601563.0,289063.0,742188.0,,-490017.6,-279722.6,2949347.6,-90695.5,-88689.3,-267912.1,,-0.030473172,-0.016513499,0.204891792,-0.085115757,-0.215626017,-0.025183645
4992188.0,1593750.0,4078125.0,835938.0,648438.0,554688.0,,-497829.6,-912535.6,-1605340.4,143679.5,270685.7,-455412.1,,-0.030958984,-0.053871783,-0.111523331,0.13484014,0.658105183,-0.042808579
5703125.0,2828125.0,7609375.0,562500.0,468750.0,632813.0,,213107.4,321839.4,1925909.6,-129758.5,90997.7,-377287.1,,0.013252704,0.018999874,0.133793342,-0.121775542,0.221238367,-0.035464856
4437500.0,2257813.0,5210938.0,1000000.0,554688.0,859375.0,,-1052517.6,-248472.6,-472527.4,307741.5,176935.7,-150725.1,,-0.065453873,-0.014668647,-0.032826576,0.288808798,0.430175305,-0.014168109
6281250.0,3101563.0,4976563.0,671875.0,500000.0,632813.0,,791232.4,595277.4,-706902.4,-20383.5,122247.7,-377287.1,,0.049205091,0.035142359,-0.049108656,-0.019129457,0.297214993,-0.035464856
6789063.0,3125000.0,6617188.0,1015625.0,492188.0,539063.0,,1299045.4,618714.4,933722.6,323366.5,114435.7,-471037.1,,0.080784921,0.036525969,0.064865904,0.303472525,0.278222052,-0.044277323
7570313.0,1515625.0,5882813.0,953125.0,304688.0,531250.0,,2080295.4,-990660.6,199347.6,260866.5,-73064.3,-478850.1,,0.129369228,-0.058483914,0.01384872,0.244817619,-0.177637704,-0.045011743
1867188.0,1234375.0,3500000.0,492188.0,273438.0,523438.0,,-3622829.6,-1271910.6,-2183465.4,-200070.5,-104314.3,-486662.1,,-0.22529621,-0.075087582,-0.151685795,-0.187761842,-0.25361433,-0.045746068
4335938.0,1859375.0,3101563.0,585938.0,304688.0,390625.0,,-1154079.6,-646910.6,-2581902.4,-106320.5,-73064.3,-619475.1,,-0.071769801,-0.038190541,-0.179365297,-0.099779483,-0.177637704,-0.058230443
4742188.0,2351563.0,5546875.0,710938.0,679688.0,804688.0,,-747829.6,-154722.6,-136590.4,18679.5,301935.7,-205412.1,,-0.046505962,-0.009134091,-0.009488963,0.017530328,0.734081809,-0.019308667
2789063.0,1812500.0,6859375.0,703125.0,328125.0,781250.0,,-2700954.6,-693785.6,1175909.6,10866.5,-49627.3,-228850.1,,-0.167966728,-0.040957819,0.081690685,0.010197996,-0.12065645,-0.021511831
2789063.0,1562500.0,3195313.0,632813.0,500000.0,492188.0,,-2700954.6,-943785.6,-2488152.4,-59445.5,122247.7,-517912.1,,-0.167966728,-0.055716635,-0.172852465,-0.055788304,0.297214993,-0.048683557
5664063.0,2320313.0,2101563.0,664063.0,335938.0,296875.0,,174045.4,-185972.6,-3581902.4,-28195.5,-41814.3,-713225.1,,0.01082352,-0.010978943,-0.248835505,-0.026460851,-0.101661078,-0.06704291
4695313.0,1898438.0,6054688.0,695313.0,515625.0,921875.0,,-794704.6,-607847.6,371222.6,3054.5,137872.7,-88225.1,,-0.04942102,-0.035884446,0.025788912,0.002866602,0.335203306,-0.008293131
6320313.0,1984375.0,9156250.0,718750.0,570313.0,664063.0,,830295.4,-521910.6,3472784.6,26491.5,192560.7,-346037.1,,0.051634337,-0.030811132,0.24125507,0.024861722,0.468163618,-0.032527368
7289063.0,1789063.0,4468750.0,734375.0,773438.0,593750.0,,1799045.4,-717222.6,-1214715.4,42116.5,395685.7,-416350.1,,0.111878877,-0.042341428,-0.084386531,0.039525449,0.962011687,-0.039136765
8023438.0,2570313.0,4695313.0,1000000.0,296875.0,460938.0,,2533420.4,64027.4,-988152.4,307741.5,-80877.3,-549162.1,,0.157548125,0.003779874,-0.068647152,0.288808798,-0.196633076,-0.051621046
4781250.0,1640625.0,7375000.0,671875.0,289063.0,515625.0,,-708767.6,-865660.6,1691534.6,-20383.5,-88689.3,-494475.1,,-0.044076778,-0.051104505,0.117511261,-0.019129457,-0.215626017,-0.046480487
4007813.0,2937500.0,4156250.0,609375.0,648438.0,531250.0,,-1482204.6,431214.4,-1527215.4,-82883.5,270685.7,-478850.1,,-0.09217521,0.025456856,-0.106095971,-0.077784363,0.658105183,-0.045011743
6101563.0,1960938.0,7062500.0,921875.0,429688.0,828125.0,,611545.4,-545347.6,1379034.6,229616.5,51935.7,-181975.1,,0.038030731,-0.032194742,0.095801821,0.215490166,0.1262688,-0.017105598
5640625.0,2335938.0,5726563.0,632813.0,367188.0,632813.0,,150607.4,-170347.6,43097.6,-59445.5,-10564.3,-377287.1,,0.009365959,-0.010056517,0.002994,-0.055788304,-0.025684452,-0.035464856
6187500.0,2937500.0,6421875.0,796875.0,406250.0,593750.0,"Concentration, Eyes Closed",697482.4,431214.4,738409.6,104616.5,28497.7,-416350.1,"Concentration, Eyes Closed",0.043374974,0.025456856,0.051297469,0.098180355,0.069285115,-0.039136765
4132813.0,1593750.0,5265625.0,679688.0,367188.0,664063.0,,-1357204.6,-912535.6,-417840.4,-12570.5,-10564.3,-346037.1,,-0.084401721,-0.053871783,-0.029027459,-0.011797125,-0.025684452,-0.032527368
4468750.0,1320313.0,5445313.0,593750.0,304688.0,906250.0,,-1021267.6,-1185972.6,-238152.4,-98508.5,-73064.3,-103850.1,,-0.0635105,-0.07001421,-0.016544496,-0.092448089,-0.177637704,-0.009761875
5460938.0,1992188.0,4500000.0,718750.0,570313.0,578125.0,,-29079.6,-514097.6,-1183465.4,26491.5,192560.7,-431975.1,,-0.0018084,-0.03034989,-0.082215587,0.024861722,0.468163618,-0.040605509
5515625.0,3085938.0,6500000.0,1007813.0,289063.0,515625.0,,25607.4,579652.4,816534.6,315554.5,-88689.3,-494475.1,,0.00159247,0.034219933,0.056724829,0.296141131,-0.215626017,-0.046480487
6679688.0,4523438.0,8703125.0,523438.0,359375.0,343750.0,,1189670.4,2017152.4,3019659.6,-168820.5,-18377.3,-666350.1,,0.073983118,0.119083129,0.209776382,-0.158434389,-0.044679824,-0.062636676
5351563.0,2070313.0,4914063.0,687500.0,351563.0,421875.0,,-138454.6,-435972.6,-769402.4,-4758.5,-26189.3,-588225.1,,-0.008610203,-0.02573776,-0.053450544,-0.004465731,-0.063672765,-0.055292954
5851563.0,2210938.0,4640625.0,679688.0,359375.0,507813.0,,361545.4,-295347.6,-1042840.4,-12570.5,-18377.3,-502287.1,,0.022483753,-0.017435925,-0.072446339,-0.011797125,-0.044679824,-0.047214812
6554688.0,1695313.0,5890625.0,859375.0,718750.0,1046875.0,,1064670.4,-810972.6,207159.6,167116.5,340997.7,36774.9,,0.066209629,-0.047875985,0.014391421,0.15683526,0.829051376,0.003456825
4625000.0,1953125.0,4093750.0,648438.0,164063.0,468750,,-865017.6,-553160.6,-1589715.4,-43820.5,-213689.3,-541350.1,,-0.053793639,-0.032655984,-0.110437859,-0.041124577,-0.519532521,-0.05088672
4656250.0,1781250.0,5304688.0,585938.0,281250.0,437500.0,,-833767.6,-725035.6,-378777.4,-106320.5,-96502.3,-572600.1,,-0.051850267,-0.042802671,-0.026313744,-0.099779483,-0.234621389,-0.053824209
5195313.0,1968750.0,6343750.0,640625.0,242188.0,515625.0,,-294704.6,-537535.6,660284.6,-51633.5,-135564.3,-494475.1,,-0.018327064,-0.031733558,0.045870109,-0.04845691,-0.329590956,-0.046480487
6335938.0,2039063.0,5273438.0,789063.0,359375.0,703125.0,,845920.4,-467222.6,-410027.4,96804.5,-18377.3,-306975.1,,0.052606023,-0.027582612,-0.028484688,0.090848961,-0.044679824,-0.028855553
6976563.0,2359375.0,7195313.0,804688.0,296875.0,1023438.0,,1486545.4,-146910.6,1511847.6,112429.5,-80877.3,13337.9,,0.092445155,-0.008672907,0.105028368,0.105512687,-0.196633076,0.001253755
4546875.0,2109375.0,4367188.0,562500.0,328125.0,632813.0,,-943142.6,-396910.6,-1316277.4,-129758.5,-49627.3,-377287.1,,-0.05865207,-0.023431724,-0.091442064,-0.121775542,-0.12065645,-0.035464856
4578125.0,1492188.0,6015625.0,632813.0,570313.0,562500.0,,-911892.6,-1014097.6,332159.6,-59445.5,192560.7,-447600.1,,-0.056708697,-0.059867523,0.023075197,-0.055788304,0.468163618,-0.042074254
3867188.0,1445313.0,4343750.0,757813.0,570313.0,789063.0,,-1622829.6,-1060972.6,-1339715.4,65554.5,192560.7,-221037.1,,-0.100920385,-0.062634801,-0.093070307,0.061521508,0.468163618,-0.020777412
3828125.0,2562500.0,5117188.0,648438.0,265625.0,679688.0,,-1661892.6,56214.4,-566277.4,-43820.5,-112127.3,-330412.1,,-0.103349632,0.003318631,-0.039339408,-0.041124577,-0.272609702,-0.031058623
4390625.0,3125000.0,4179688.0,601563.0,296875.0,687500.0,,-1099392.6,618714.4,-1503777.4,-90695.5,-80877.3,-322600.1,,-0.068368931,0.036525969,-0.104467728,-0.085115757,-0.196633076,-0.030324298
4132813.0,3343750.0,4382813.0,734375.0,390625.0,453125.0,,-1357204.6,837464.4,-1300652.4,42116.5,12872.7,-556975.1,,-0.084401721,0.049439933,-0.090356592,0.039525449,0.031296802,-0.052355465
4289063.0,2039063.0,4093750.0,695313.0,367188.0,570313.0,,-1200954.6,-467222.6,-1589715.4,3054.5,-10564.3,-439787.1,,-0.07468486,-0.027582612,-0.110437859,0.002866602,-0.025684452,-0.041339834
5367188.0,1906250.0,4078125.0,781250.0,390625.0,421875.0,,-122829.6,-600035.6,-1605340.4,88991.5,12872.7,-588225.1,,-0.007638517,-0.035423262,-0.111523331,0.083516628,0.031296802,-0.055292954
4859375.0,2648438.0,4031250.0,687500.0,398438.0,437500.0,,-630642.6,142152.4,-1652215.4,-4758.5,20685.7,-572600.1,,-0.039218347,0.008392004,-0.114779747,-0.004465731,0.050292174,-0.053824209
5914063.0,2312500.0,5664063.0,632813.0,460938.0,835938.0,,424045.4,-193785.6,-19402.4,-59445.5,83185.7,-174162.1,,0.026370498,-0.011440185,-0.001347888,-0.055788304,0.202245426,-0.016371178
5148438.0,1937500.0,4773438.0,734375.0,562500.0,515625.0,,-341579.6,-568785.6,-910027.4,42116.5,184747.7,-494475.1,,-0.021242123,-0.03357841,-0.063219792,0.039525449,0.449168245,-0.046480487
8031250.0,3843750.0,8062500.0,500000.0,250000.0,523438.0,,2541232.4,1337464.4,2379034.6,-192258.5,-127752.3,-486662.1,,0.158033937,0.078957567,0.16527203,-0.180430448,-0.310598015,-0.045746068
6000000.0,1843750.0,3523438.0,593750.0,296875.0,257813.0,,509982.4,-662535.6,-2160027.4,-98508.5,-80877.3,-752287.1,,0.03171474,-0.039112967,-0.150057553,-0.092448089,-0.196633076,-0.070714724
5429688.0,2742188.0,5507813.0,562500.0,390625.0,593750.0,,-60329.6,235902.4,-175652.4,-129758.5,12872.7,-416350.1,,-0.003751772,0.01392656,-0.012202608,-0.121775542,0.031296802,-0.039136765
4945313.0,2203125.0,4656250.0,851563.0,429688.0,773438.0,,-544704.6,-303160.6,-1027215.4,159304.5,51935.7,-236662.1,,-0.033874042,-0.017897168,-0.071360867,0.149503866,0.1262688,-0.022246156
6726563.0,2054688.0,7804688.0,625000.0,468750.0,640625.0,,1236545.4,-451597.6,2121222.6,-67258.5,90997.7,-369475.1,,0.076898177,-0.026660186,0.147361776,-0.063120636,0.221238367,-0.034730531
5046875.0,1515625.0,5375000.0,867188.0,453125.0,804688.0,,-443142.6,-990660.6,-308465.4,174929.5,75372.7,-205412.1,,-0.027558113,-0.058483914,-0.021429155,0.164167593,0.183250054,-0.019308667
7945313.0,2703125.0,6203125.0,781250.0,578125.0,710938.0,,2455295.4,196839.4,519659.6,88991.5,200372.7,-299162.1,,0.152689695,0.011620466,0.036100861,0.083516628,0.487156558,-0.028121134
5390625.0,2125000.0,6390625.0,843750.0,210938.0,671875.0,,-99392.6,-381285.6,707159.6,151491.5,-166814.3,-338225.1,,-0.006181019,-0.022509298,0.049126525,0.142171534,-0.405567582,-0.031793042
6093750.0,2851563.0,5132813.0,796875.0,414063.0,601563.0,,603732.4,345277.4,-550652.4,104616.5,36310.7,-408537.1,,0.037544857,0.020383543,-0.038253936,0.098180355,0.088280487,-0.038402345
3007813.0,2257813.0,5312500.0,546875.0,390625.0,523438.0,,-2482204.6,-248472.6,-370965.4,-145383.5,12872.7,-486662.1,,-0.154363122,-0.014668647,-0.025771043,-0.136439269,0.031296802,-0.045746068
6359375.0,2726563.0,5578125.0,718750.0,531250.0,593750.0,,869357.4,220277.4,-105340.4,26491.5,153497.7,-416350.1,,0.054063521,0.013004134,-0.007318019,0.024861722,0.373191619,-0.039136765
2632813.0,2078125.0,5148438.0,492188.0,437500.0,390625.0,,-2857204.6,-428160.6,-535027.4,-200070.5,59747.7,-619475.1,,-0.177683589,-0.025276576,-0.037168464,-0.187761842,0.145261741,-0.058230443
3015625.0,1992188.0,5140625.0,570313.0,382813.0,554688.0,,-2474392.6,-514097.6,-542840.4,-121945.5,5060.7,-455412.1,,-0.15387731,-0.03034989,-0.037711235,-0.11444321,0.012303861,-0.042808579
5523438.0,1757813.0,6359375.0,687500.0,468750.0,593750.0,,33420.4,-748472.6,675909.6,-4758.5,90997.7,-416350.1,,0.002078345,-0.04418628,0.046955581,-0.004465731,0.221238367,-0.039136765
6203125.0,2062500.0,5335938.0,593750.0,234375.0,375000.0,,713107.4,-443785.6,-347527.4,-98508.5,-143377.3,-635100.1,,0.04434666,-0.026199002,-0.0241428,-0.092448089,-0.348586328,-0.059699187
5617188.0,2015625.0,6140625.0,656250.0,351563.0,734375.0,,127170.4,-490660.6,457159.6,-36008.5,-26189.3,-275725.1,,0.007908461,-0.02896628,0.031758973,-0.033793183,-0.063672765,-0.025918064
3554688.0,2289063.0,6078125.0,679688.0,421875.0,570313.0,,-1935329.6,-217222.6,394659.6,-12570.5,44122.7,-439787.1,,-0.120354108,-0.012823795,0.027417085,-0.011797125,0.107273428,-0.041339834
4164063.0,1890625.0,4070313.0,679688.0,476563.0,507813.0,,-1325954.6,-615660.6,-1613152.4,-12570.5,98810.7,-502287.1,,-0.082458349,-0.036345689,-0.112066032,-0.011797125,0.240233739,-0.047214812
2890625.0,2070313.0,3484375.0,750000.0,406250.0,539063.0,,-2599392.6,-435972.6,-2199090.4,57741.5,28497.7,-471037.1,,-0.161650799,-0.02573776,-0.152771267,0.054189175,0.069285115,-0.044277323
3773438.0,1429688.0,6523438.0,515625.0,421875.0,632813.0,,-1716579.6,-1076597.6,839972.6,-176633.5,44122.7,-377287.1,,-0.106750502,-0.063557227,0.058353072,-0.165766721,0.107273428,-0.035464856
9039063.0,2476563.0,6578125.0,812500.0,500000.0,789063.0,,3549045.4,-29722.6,894659.6,120241.5,122247.7,-221037.1,,0.220707724,-0.001754682,0.062152189,0.112844081,0.297214993,-0.020777412
4375000.0,1664063.0,5500000.0,812500.0,273438.0,710938.0,,-1115017.6,-842222.6,-183465.4,120241.5,-104314.3,-299162.1,,-0.069340617,-0.049720837,-0.012745379,0.112844081,-0.25361433,-0.028121134
4445313.0,2734375.0,6210938.0,765625.0,734375.0,429688.0,,-1044704.6,228089.4,527472.6,73366.5,356622.7,-580412.1,,-0.064967998,0.013465318,0.036643632,0.068852902,0.867039689,-0.054558535
6234375.0,1960938.0,8648438.0,687500.0,492188.0,828125.0,,744357.4,-545347.6,2964972.6,-4758.5,114435.7,-181975.1,,0.046290032,-0.032194742,0.205977264,-0.004465731,0.278222052,-0.017105598
7539063.0,2296875.0,10804688.0,960938.0,578125.0,765625.0,,2049045.4,-209410.6,5121222.6,268679.5,200372.7,-244475.1,,0.127425855,-0.012362611,0.355772401,0.252149951,0.487156558,-0.022980575
8039063.0,1703125.0,7093750.0,726563.0,351563.0,742188.0,,2549045.4,-803160.6,1410284.6,34304.5,-26189.3,-267912.1,,0.158519812,-0.047414801,0.097972765,0.032194055,-0.063672765,-0.025183645
5367188.0,1609375.0,10054688.0,585938.0,210938.0,625000.0,,-122829.6,-896910.6,4371222.6,-106320.5,-166814.3,-385100.1,,-0.007638517,-0.052949357,0.303669745,-0.099779483,-0.405567582,-0.036199276
21570313.0,14703125.0,18773438.0,1429688.0,17188.0,1656250,,16080295.4,12196839.4,13089972.6,737429.5,-360564.3,646149.9,,1,0.720043667,0.909363122,0.692061745,-0.876622664,0.06073786
4992188.0,1843750.0,6687500.0,539063.0,281250.0,523438.0,,-497829.6,-662535.6,1004034.6,-153195.5,-96502.3,-486662.1,,-0.030958984,-0.039112967,0.069750493,-0.143770663,-0.234621389,-0.045746068
9421875.0,1765625.0,11593750.0,523438.0,351563.0,578125.0,,3931857.4,-740660.6,5910284.6,-168820.5,-26189.3,-431975.1,,0.244514003,-0.043725097,0.410588702,-0.158434389,-0.063672765,-0.040605509
7492188.0,1546875.0,14203125.0,820313.0,484375.0,632813.0,,2002170.4,-959410.6,8519659.6,128054.5,106622.7,-377287.1,,0.124510797,-0.056639061,0.591862527,0.120176413,0.25922668,-0.035464856
1953125.0,1632813.0,4367188.0,468750.0,257813.0,429688.0,,-3536892.6,-873472.6,-1316277.4,-223508.5,-119939.3,-580412.1,,-0.219951967,-0.051565689,-0.091442064,-0.209757901,-0.291602643,-0.054558535
2546875.0,1789063.0,4281250.0,695313.0,437500.0,476563.0,,-2943142.6,-717222.6,-1402215.4,3054.5,59747.7,-533537.1,,-0.183027894,-0.042341428,-0.097412195,0.002866602,0.145261741,-0.050152301
7906250.0,4085938.0,18562500.0,531250.0,250000.0,492188.0,,2416232.4,1579652.4,12879034.6,-161008.5,-127752.3,-517912.1,,0.150260448,0.0932552,0.894709216,-0.151102995,-0.310598015,-0.048683557
5617188.0,3562500.0,9640625.0,437500.0,367188.0,320313.0,,127170.4,1056214.4,3957159.6,-254758.5,-10564.3,-689787.1,,0.007908461,0.062353898,0.274904702,-0.239085354,-0.025684452,-0.064839746
8789063.0,3632813.0,8070313.0,585938.0,406250.0,429688.0,,3299045.4,1126527.4,2386847.6,-106320.5,28497.7,-580412.1,,0.205160746,0.066504845,0.1658148,-0.099779483,0.069285115,-0.054558535
2453125.0,2398438.0,6781250.0,835938.0,375000.0,648438.0,,-3036892.6,-107847.6,1097784.6,143679.5,-2752.3,-361662.1,,-0.188858011,-0.006366813,0.076263325,0.13484014,-0.006691511,-0.033996112
4726563.0,2781250.0,4781250.0,671875.0,406250.0,617188.0,,-763454.6,274964.4,-902215.4,-20383.5,28497.7,-392912.1,,-0.047477648,0.016232596,-0.062677091,-0.019129457,0.069285115,-0.036933601
3609375.0,1914063.0,16734375.0,562500.0,312500.0,523438.0,,-1880642.6,-592222.6,11050909.6,-129758.5,-65252.3,-486662.1,,-0.116953237,-0.03496202,0.767708991,-0.121775542,-0.158644763,-0.045746068
3906250.0,1320313.0,3265625.0,507813.0,203125.0,375000.0,,-1583767.6,-1185972.6,-2417840.4,-184445.5,-174627.3,-635100.1,,-0.098491201,-0.07001421,-0.167967875,-0.173098115,-0.424562954,-0.059699187
4210938.0,1382813.0,10359375.0,773438.0,437500.0,789063.0,,-1279079.6,-1123472.6,4675909.6,81179.5,59747.7,-221037.1,,-0.07954329,-0.066324505,0.324836414,0.076185234,0.145261741,-0.020777412
6671875.0,2781250.0,9812500.0,617188.0,218750.0,593750.0,,1181857.4,274964.4,4129034.6,-75070.5,-159002.3,-416350.1,,0.073497244,0.016232596,0.286844894,-0.07045203,-0.386574641,-0.039136765
4671875.0,1554688.0,4742188.0,523438.0,375000.0,320313.0,,-818142.6,-951597.6,-941277.4,-168820.5,-2752.3,-689787.1,,-0.050878581,-0.056177819,-0.065390736,-0.158434389,-0.006691511,-0.064839746
5820313.0,1867188.0,8515625.0,593750.0,578125.0,648438.0,,330295.4,-639097.6,2832159.6,-98508.5,200372.7,-361662.1,,0.020540381,-0.037729298,0.196750718,-0.092448089,0.487156558,-0.033996112
5109375.0,3281250.0,5890625.0,734375.0,390625.0,710938.0,,-380642.6,774964.4,207159.6,42116.5,12872.7,-299162.1,,-0.023671369,0.045750229,0.014391421,0.039525449,0.031296802,-0.028121134
6914063.0,2343750.0,4820313.0,804688.0,414063.0,515625.0,,1424045.4,-162535.6,-863152.4,112429.5,36310.7,-494475.1,,0.08855841,-0.009595333,-0.059963376,0.105512687,0.088280487,-0.046480487
4671875.0,2031250.0,4117188.0,593750.0,429688.0,570313.0,,-818142.6,-475035.6,-1566277.4,-98508.5,51935.7,-439787.1,,-0.050878581,-0.028043854,-0.108809616,-0.092448089,0.1262688,-0.041339834
6531250.0,1703125.0,13125000.0,726563.0,281250.0,828125.0,,1041232.4,-803160.6,7441534.6,34304.5,-96502.3,-181975.1,,0.064752069,-0.047414801,0.516964959,0.032194055,-0.234621389,-0.017105598
5562500.0,1867188.0,5757813.0,585938.0,492188.0,382813.0,,72482.4,-639097.6,74347.6,-106320.5,114435.7,-627287.1,,0.004507529,-0.037729298,0.005164944,-0.099779483,0.278222052,-0.058964768
4914063.0,1703125.0,4710938.0,679688.0,437500.0,453125.0,,-575954.6,-803160.6,-972527.4,-12570.5,59747.7,-556975.1,,-0.035817414,-0.047414801,-0.06756168,-0.011797125,0.145261741,-0.052355465
6828125.0,1929688.0,5859375.0,734375.0,257813.0,773438.0,,1338107.4,-576597.6,175909.6,42116.5,-119939.3,-236662.1,,0.083214105,-0.034039594,0.012220477,0.039525449,-0.291602643,-0.022246156
3187500.0,1820313.0,3875000.0,632813.0,414063.0,718750.0,,-2302517.6,-685972.6,-1808465.4,-59445.5,36310.7,-291350.1,,-0.143188763,-0.040496576,-0.125634467,-0.055788304,0.088280487,-0.027386809
3937500.0,1945313.0,8625000.0,460938.0,359375.0,453125.0,,-1552517.6,-560972.6,2941534.6,-231320.5,-18377.3,-556975.1,,-0.096547829,-0.033117168,0.204349022,-0.217089295,-0.044679824,-0.052355465
4117188.0,2109375.0,5007813.0,609375.0,296875.0,500000.0,,-1372829.6,-396910.6,-675652.4,-82883.5,-80877.3,-510100.1,,-0.085373407,-0.023431724,-0.046937712,-0.077784363,-0.196633076,-0.047949232
2500000.0,2492188.0,3820313.0,484375.0,437500.0,421875.0,,-2990017.6,-14097.6,-1863152.4,-207883.5,59747.7,-588225.1,,-0.185942953,-0.000832256,-0.129433585,-0.195094174,0.145261741,-0.055292954
4539063.0,1640625.0,5156250.0,617188.0,500000.0,750000.0,,-950954.6,-865660.6,-527215.4,-75070.5,122247.7,-260100.1,,-0.059137882,-0.051104505,-0.036625763,-0.07045203,0.297214993,-0.02444932
5554688.0,1734375.0,6710938.0,890625.0,351563.0,875000.0,,64670.4,-771910.6,1027472.6,198366.5,-26189.3,-135100.1,,0.004021717,-0.045569949,0.071378736,0.186162713,-0.063672765,-0.012699364
3906250.0,1648438.0,4796875.0,570313.0,390625.0,671875.0,,-1583767.6,-857847.6,-886590.4,-121945.5,12872.7,-338225.1,,-0.098491201,-0.050643263,-0.061591619,-0.11444321,0.031296802,-0.031793042
6257813.0,2015625.0,12148438.0,515625.0,289063.0,835938.0,,767795.4,-490660.6,6464972.6,-176633.5,-88689.3,-174162.1,,0.047747593,-0.02896628,0.449122993,-0.165766721,-0.215626017,-0.016371178
4179688.0,1367188.0,3781250.0,664063.0,234375.0,515625.0,,-1310329.6,-1139097.6,-1902215.4,-28195.5,-143377.3,-494475.1,,-0.081486663,-0.067246931,-0.132147299,-0.026460851,-0.348586328,-0.046480487
5687500.0,1945313.0,5101563.0,687500.0,382813.0,500000.0,,197482.4,-560972.6,-581902.4,-4758.5,5060.7,-510100.1,,0.012281018,-0.033117168,-0.04042488,-0.004465731,0.012303861,-0.047949232
4320313.0,2414063.0,4382813.0,757813.0,382813.0,531250.0,,-1169704.6,-92222.6,-1300652.4,65554.5,5060.7,-478850.1,,-0.072741487,-0.005444387,-0.090356592,0.061521508,0.012303861,-0.045011743
6476563.0,1398438.0,5304688.0,1054688.0,343750.0,726563.0,,986545.4,-1107847.6,-378777.4,362429.5,-34002.3,-283537.1,,0.061351199,-0.065402079,-0.026313744,0.34013231,-0.082668137,-0.02665239
5718750.0,2195313.0,5414063.0,726563.0,429688.0,546875.0,,228732.4,-310972.6,-269402.4,34304.5,51935.7,-463225.1,,0.01422439,-0.018358351,-0.01871544,0.032194055,0.1262688,-0.043542998
3453125.0,2617188.0,5164063.0,617188.0,468750.0,640625.0,,-2036892.6,110902.4,-519402.4,-75070.5,90997.7,-369475.1,,-0.126670099,0.006547152,-0.036082992,-0.07045203,0.221238367,-0.034730531
3000000.0,1500000.0,2945313.0,539063.0,351563.0,617188.0,,-2490017.6,-1006285.6,-2738152.4,-153195.5,-26189.3,-392912.1,,-0.154848996,-0.05940634,-0.190220017,-0.143770663,-0.063672765,-0.036933601
4835938.0,2125000.0,12796875.0,632813.0,367188.0,570313.0,,-654079.6,-381285.6,7113409.6,-59445.5,-10564.3,-439787.1,,-0.040675845,-0.022509298,0.494170047,-0.055788304,-0.025684452,-0.041339834
6265625.0,2054688.0,10500000.0,640625.0,289063.0,570313.0,,775607.4,-451597.6,4816534.6,-51633.5,-88689.3,-439787.1,,0.048233405,-0.026660186,0.334605662,-0.04845691,-0.215626017,-0.041339834
4523438.0,2671875.0,9343750.0,476563.0,320313.0,523438.0,,-966579.6,165589.4,3660284.6,-215695.5,-57439.3,-486662.1,,-0.060109568,0.009775614,0.254280734,-0.202425568,-0.139649391,-0.045746068
5070313.0,1859375.0,8289063.0,679688.0,343750.0,656250.0,,-419704.6,-646910.6,2605597.6,-12570.5,-34002.3,-353850.1,,-0.026100553,-0.038190541,0.181011408,-0.011797125,-0.082668137,-0.033261787
9656250.0,2507813.0,8382813.0,507813.0,382813.0,515625.0,,4166232.4,1527.4,2699347.6,-184445.5,5060.7,-494475.1,,0.259089295,9.01697E-05,0.18752424,-0.173098115,0.012303861,-0.046480487
4250000.0,1859375.0,4320313.0,539063.0,351563.0,421875.0,,-1240017.6,-646910.6,-1363152.4,-153195.5,-26189.3,-588225.1,,-0.077114106,-0.038190541,-0.09469848,-0.143770663,-0.063672765,-0.055292954
3710938.0,1617188.0,7117188.0,718750.0,492188.0,812500.0,,-1779079.6,-889097.6,1433722.6,26491.5,114435.7,-197600.1,,-0.110637246,-0.052488115,0.099601008,0.024861722,0.278222052,-0.018574342
5523438.0,2023438.0,7789063.0,531250.0,351563.0,679688.0,,33420.4,-482847.6,2105597.6,-161008.5,-26189.3,-330412.1,,0.002078345,-0.028505038,0.146276304,-0.151102995,-0.063672765,-0.031058623
9289063.0,2164063.0,3937500.0,898438.0,421875.0,671875.0,,3799045.4,-342222.6,-1745965.4,206179.5,44122.7,-338225.1,,0.236254702,-0.020203203,-0.121292579,0.193495046,0.107273428,-0.031793042
3273438.0,2132813.0,3695313.0,531250.0,304688.0,593750.0,,-2216579.6,-373472.6,-1988152.4,-161008.5,-73064.3,-416350.1,,-0.137844458,-0.022048055,-0.138117361,-0.151102995,-0.177637704,-0.039136765
4703125.0,2554688.0,3109375.0,578125.0,375000.0,500000.0,,-786892.6,48402.4,-2574090.4,-114133.5,-2752.3,-510100.1,,-0.048935208,0.002857448,-0.178822595,-0.107111816,-0.006691511,-0.047949232
6203125.0,1695313.0,5531250.0,921875.0,281250.0,554688.0,,713107.4,-810972.6,-152215.4,229616.5,-96502.3,-455412.1,,0.04434666,-0.047875985,-0.010574435,0.215490166,-0.234621389,-0.042808579
5046875.0,2023438.0,7523438.0,664063.0,289063.0,460938.0,,-443142.6,-482847.6,1839972.6,-28195.5,-88689.3,-549162.1,,-0.027558113,-0.028505038,0.12782328,-0.026460851,-0.215626017,-0.051621046
5242188.0,2875000.0,8562500.0,726563.0,304688.0,835938.0,,-247829.6,368714.4,2879034.6,34304.5,-73064.3,-174162.1,,-0.015412006,0.021767152,0.200007134,0.032194055,-0.177637704,-0.016371178
4820313.0,3453125.0,6851563.0,507813.0,359375.0,476563.0,,-669704.6,946839.4,1168097.6,-184445.5,-18377.3,-533537.1,,-0.041647531,0.055896916,0.081147984,-0.173098115,-0.044679824,-0.050152301
12078125.0,2148438.0,6562500.0,695313.0,625000.0,656250.0,,6588107.4,-357847.6,879034.6,3054.5,247247.7,-353850.1,,0.409700645,-0.021125629,0.061066717,0.002866602,0.601121498,-0.033261787
3523438.0,1843750.0,4835938.0,531250.0,250000.0,312500.0,,-1966579.6,-662535.6,-847527.4,-161008.5,-127752.3,-697600.1,,-0.12229748,-0.039112967,-0.058877904,-0.151102995,-0.310598015,-0.065574165
4851563.0,1515625.0,5031250.0,742188.0,328125.0,656250.0,,-638454.6,-990660.6,-652215.4,49929.5,-49627.3,-353850.1,,-0.039704159,-0.058483914,-0.045309539,0.046857781,-0.12065645,-0.033261787
5710938.0,1750000.0,7242188.0,625000.0,226563.0,648438.0,,220920.4,-756285.6,1558722.6,-67258.5,-151189.3,-361662.1,,0.013738578,-0.044647523,0.108284784,-0.063120636,-0.367579269,-0.033996112
5265625.0,1492188.0,4445313.0,820313.0,281250.0,750000.0,,-224392.6,-1014097.6,-1238152.4,128054.5,-96502.3,-260100.1,,-0.013954508,-0.059867523,-0.086014704,0.120176413,-0.234621389,-0.02444932
3671875.0,2804688.0,4117188.0,609375.0,671875.0,515625.0,,-1818142.6,298402.4,-1566277.4,-82883.5,294122.7,-494475.1,,-0.113066493,0.017616265,-0.108809616,-0.077784363,0.715086437,-0.046480487
3898438.0,2257813.0,14328125.0,585938.0,296875.0,640625.0,,-1591579.6,-248472.6,8644659.6,-106320.5,-80877.3,-369475.1,,-0.098977013,-0.014668647,0.600546303,-0.099779483,-0.196633076,-0.034730531
3140625.0,2312500.0,5687500.0,632813.0,382813.0,554688.0,,-2349392.6,-193785.6,4034.6,-59445.5,5060.7,-455412.1,,-0.146103821,-0.011440185,0.000280285,-0.055788304,0.012303861,-0.042808579
4203125.0,1414063.0,5343750.0,484375.0,351563.0,562500.0,,-1286892.6,-1092222.6,-339715.4,-207883.5,-26189.3,-447600.1,,-0.080029164,-0.064479653,-0.023600099,-0.195094174,-0.063672765,-0.042074254
9085938.0,3054688.0,7343750.0,679688.0,234375.0,375000.0,,3595920.4,548402.4,1660284.6,-12570.5,-143377.3,-635100.1,,0.223622782,0.032375081,0.115340317,-0.011797125,-0.348586328,-0.059699187
2867188.0,2148438.0,8093750.0,578125.0,570313.0,570313.0,,-2622829.6,-357847.6,2410284.6,-114133.5,192560.7,-439787.1,,-0.163108297,-0.021125629,0.167442974,-0.107111816,0.468163618,-0.041339834
5625000.0,1929688.0,5281250.0,765625.0,437500.0,671875.0,,134982.4,-576597.6,-402215.4,73366.5,59747.7,-338225.1,,0.008394273,-0.034039594,-0.027941987,0.068852902,0.145261741,-0.031793042
5406250.0,1921875.0,4007813.0,968750.0,507813.0,625000.0,,-83767.6,-584410.6,-1675652.4,276491.5,130060.7,-385100.1,,-0.005209332,-0.034500836,-0.11640792,0.259481345,0.316210365,-0.036199276
2843750.0,1562500.0,4656250.0,750000.0,304688.0,695313.0,,-2646267.6,-943785.6,-1027215.4,57741.5,-73064.3,-314787.1,,-0.164565858,-0.055716635,-0.071360867,0.054189175,-0.177637704,-0.029589879
2773438.0,2148438.0,3437500.0,531250.0,250000.0,406250.0,,-2716579.6,-357847.6,-2245965.4,-161008.5,-127752.3,-603850.1,,-0.168938414,-0.021125629,-0.156027683,-0.151102995,-0.310598015,-0.056761698
2718750.0,1921875.0,5156250.0,554688.0,257813.0,625000.0,,-2771267.6,-584410.6,-527215.4,-137570.5,-119939.3,-385100.1,,-0.172339347,-0.034500836,-0.036625763,-0.129106936,-0.291602643,-0.036199276
7335938.0,3093750.0,6156250.0,664063.0,515625.0,500000.0,,1845920.4,587464.4,472784.6,-28195.5,137872.7,-510100.1,,0.114793936,0.034681117,0.032844445,-0.026460851,0.335203306,-0.047949232
8445313.0,2078125.0,6750000.0,750000.0,625000.0,718750.0,,2955295.4,-428160.6,1066534.6,57741.5,247247.7,-291350.1,,0.183783651,-0.025276576,0.074092381,0.054189175,0.601121498,-0.027386809
4984375.0,1937500.0,7187500.0,531250.0,562500.0,437500.0,"Creative, Communal Thinking",-505642.6,-568785.6,1504034.6,-161008.5,184747.7,-572600.1,"Creative, Communal Thinking",-0.031444858,-0.03357841,0.104485597,-0.151102995,0.449168245,-0.053824209
6843750.0,1656250.0,7570313.0,859375.0,343750.0,390625.0,,1353732.4,-850035.6,1886847.6,167116.5,-34002.3,-619475.1,,0.084185791,-0.050182079,0.131079696,0.15683526,-0.082668137,-0.058230443
2804688.0,2148438.0,6039063.0,539063.0,570313.0,617188.0,,-2685329.6,-357847.6,355597.6,-153195.5,192560.7,-392912.1,,-0.166995042,-0.021125629,0.02470344,-0.143770663,0.468163618,-0.036933601
5226563.0,1273438.0,4406250.0,718750.0,250000.0,531250.0,,-263454.6,-1232847.6,-1277215.4,26491.5,-127752.3,-478850.1,,-0.016383692,-0.072781488,-0.088728419,0.024861722,-0.310598015,-0.045011743
2328125.0,1664063.0,3734375.0,500000.0,257813.0,554688.0,,-3161892.6,-842222.6,-1949090.4,-192258.5,-119939.3,-455412.1,,-0.1966315,-0.049720837,-0.135403715,-0.180430448,-0.291602643,-0.042808579
2851563.0,1570313.0,4593750.0,515625.0,429688.0,437500.0,,-2638454.6,-935972.6,-1089715.4,-176633.5,51935.7,-572600.1,,-0.164079984,-0.055255393,-0.075702755,-0.165766721,0.1262688,-0.053824209
3085938.0,2398438.0,2867188.0,531250.0,351563.0,523438.0,,-2404079.6,-107847.6,-2816277.4,-161008.5,-26189.3,-486662.1,,-0.149504692,-0.006366813,-0.195647377,-0.151102995,-0.063672765,-0.045746068
5242188.0,2031250.0,10398438.0,726563.0,257813.0,734375.0,,-247829.6,-475035.6,4714972.6,34304.5,-119939.3,-275725.1,,-0.015412006,-0.028043854,0.327550129,0.032194055,-0.291602643,-0.025918064
3695313.0,2414063.0,4554688.0,656250.0,390625.0,695313.0,,-1794704.6,-92222.6,-1128777.4,-36008.5,12872.7,-314787.1,,-0.111608933,-0.005444387,-0.0784164,-0.033793183,0.031296802,-0.029589879
4835938.0,1273438.0,5867188.0,578125.0,507813.0,648438.0,,-654079.6,-1232847.6,183722.6,-114133.5,130060.7,-361662.1,,-0.040675845,-0.072781488,0.012763248,-0.107111816,0.316210365,-0.033996112
3976563.0,2179688.0,5117188.0,687500.0,414063.0,375000.0,,-1513454.6,-326597.6,-566277.4,-4758.5,36310.7,-635100.1,,-0.094118582,-0.019280777,-0.039339408,-0.004465731,0.088280487,-0.059699187
2687500.0,2335938.0,8757813.0,531250.0,250000.0,632813.0,,-2802517.6,-170347.6,3074347.6,-161008.5,-127752.3,-377287.1,,-0.174282719,-0.010056517,0.213575568,-0.151102995,-0.310598015,-0.035464856
4296875.0,1445313.0,5968750.0,820313.0,289063.0,757813.0,,-1193142.6,-1060972.6,285284.6,128054.5,-88689.3,-252287.1,,-0.074199048,-0.062634801,0.019818781,0.120176413,-0.215626017,-0.023714901
3906250.0,2546875.0,5882813.0,695313.0,414063.0,578125.0,,-1583767.6,40589.4,199347.6,3054.5,36310.7,-431975.1,,-0.098491201,0.002396205,0.01384872,0.002866602,0.088280487,-0.040605509
3460938.0,3640625.0,7789063.0,539063.0,304688.0,750000.0,,-2029079.6,1134339.4,2105597.6,-153195.5,-73064.3,-260100.1,,-0.126184225,0.066966028,0.146276304,-0.143770663,-0.177637704,-0.02444932
4328125.0,1523438.0,7968750.0,664063.0,250000.0,554688.0,,-1161892.6,-982847.6,2285284.6,-28195.5,-127752.3,-455412.1,,-0.072255675,-0.058022671,0.158759198,-0.026460851,-0.310598015,-0.042808579
3445313.0,2718750.0,7007813.0,656250.0,562500.0,734375.0,,-2044704.6,212464.4,1324347.6,-36008.5,184747.7,-275725.1,,-0.127155911,0.012542892,0.092002704,-0.033793183,0.449168245,-0.025918064
4000000.0,7898438.0,5226563.0,484375.0,406250.0,382813.0,,-1490017.6,5392152.4,-456902.4,-207883.5,28497.7,-627287.1,,-0.092661084,0.318327154,-0.031741104,-0.195094174,0.069285115,-0.058964768
6375000.0,3820313.0,11460938.0,695313.0,265625.0,695313.0,,884982.4,1314027.4,5777472.6,3054.5,-112127.3,-314787.1,,0.055035208,0.077573957,0.401362225,0.002866602,-0.272609702,-0.029589879
2789063.0,1828125.0,3929688.0,492188.0,382813.0,281250.0,,-2700954.6,-678160.6,-1753777.4,-200070.5,5060.7,-728850.1,,-0.167966728,-0.040035393,-0.12183528,-0.187761842,0.012303861,-0.068511654
8476563.0,2859375.0,10578125.0,734375.0,421875.0,789063.0,,2986545.4,353089.4,4894659.6,42116.5,44122.7,-221037.1,,0.185727023,0.020844726,0.340033022,0.039525449,0.107273428,-0.020777412
9789063.0,2843750.0,16109375.0,703125.0,335938.0,601563.0,,4299045.4,337464.4,10425909.6,10866.5,-41814.3,-408537.1,,0.267348658,0.0199223,0.724290111,0.010197996,-0.101661078,-0.038402345
4664063.0,1695313.0,4320313.0,562500.0,265625.0,343750.0,,-825954.6,-810972.6,-1363152.4,-129758.5,-112127.3,-666350.1,,-0.051364393,-0.047875985,-0.09469848,-0.121775542,-0.272609702,-0.062636676
1765625.0,2210938.0,2742188.0,562500.0,390625.0,531250.0,,-3724392.6,-295347.6,-2941277.4,-129758.5,12872.7,-478850.1,,-0.231612201,-0.017435925,-0.204331153,-0.121775542,0.031296802,-0.045011743
2945313.0,1929688.0,4984375.0,515625.0,250000.0,710938.0,,-2544704.6,-576597.6,-699090.4,-176633.5,-127752.3,-299162.1,,-0.158249867,-0.034039594,-0.048565955,-0.165766721,-0.310598015,-0.028121134
11328125.0,6101563.0,16226563.0,1023438.0,609375.0,1164063.0,,5838107.4,3595277.4,10543097.6,331179.5,231622.7,153962.9,,0.363059711,0.21224816,0.732431186,0.310804857,0.563133185,0.014472456
4265625.0,2890625.0,5710938.0,421875.0,500000.0,640625.0,,-1224392.6,384339.4,27472.6,-270383.5,122247.7,-369475.1,,-0.07614242,0.022689578,0.001908528,-0.25374908,0.297214993,-0.034730531
6742188.0,1734375.0,5078125.0,890625.0,546875.0,757813.0,,1252170.4,-771910.6,-605340.4,198366.5,169122.7,-252287.1,,0.077869863,-0.045569949,-0.042053123,0.186162713,0.411179932,-0.023714901
3601563.0,1257813.0,4296875.0,734375.0,320313.0,632813.0,,-1888454.6,-1248472.6,-1386590.4,42116.5,-57439.3,-377287.1,,-0.117439049,-0.073703914,-0.096326723,0.039525449,-0.139649391,-0.035464856
3140625.0,1429688.0,4335938.0,523438.0,343750.0,515625.0,,-2349392.6,-1076597.6,-1347527.4,-168820.5,-34002.3,-494475.1,,-0.146103821,-0.063557227,-0.093613008,-0.158434389,-0.082668137,-0.046480487
4851563.0,1882813.0,6906250.0,554688.0,265625.0,531250.0,,-638454.6,-623472.6,1222784.6,-137570.5,-112127.3,-478850.1,,-0.039704159,-0.036806872,0.084947101,-0.129106936,-0.272609702,-0.045011743
4398438.0,2632813.0,4703125.0,578125.0,382813.0,460938.0,,-1091579.6,126527.4,-980340.4,-114133.5,5060.7,-549162.1,,-0.067883057,0.007469578,-0.068104451,-0.107111816,0.012303861,-0.051621046
3187500.0,2750000.0,3687500.0,726563.0,281250.0,218750.0,,-2302517.6,243714.4,-1995965.4,34304.5,-96502.3,-791350.1,,-0.143188763,0.014387744,-0.138660131,0.032194055,-0.234621389,-0.074386632
3117188.0,1656250.0,3789063.0,609375.0,304688.0,585938.0,,-2372829.6,-850035.6,-1894402.4,-82883.5,-73064.3,-424162.1,,-0.147561319,-0.050182079,-0.131604529,-0.077784363,-0.177637704,-0.03987109
4718750.0,2414063.0,10375000.0,468750.0,312500.0,1039063.0,,-771267.6,-92222.6,4691534.6,-223508.5,-65252.3,28962.9,,-0.047963522,-0.005444387,0.325921886,-0.209757901,-0.158644763,0.0027225
6578125.0,2320313.0,8507813.0,546875.0,328125.0,539063.0,,1088107.4,-185972.6,2824347.6,-145383.5,-49627.3,-471037.1,,0.067667127,-0.010978943,0.196208016,-0.136439269,-0.12065645,-0.044277323
7750000.0,4679688.0,5726563.0,476563.0,453125.0,585938.0,,2259982.4,2173402.4,43097.6,-215695.5,75372.7,-424162.1,,0.140543587,0.12830739,0.002994,-0.202425568,0.183250054,-0.03987109
4664063.0,2976563.0,9148438.0,500000.0,320313.0,382813.0,,-825954.6,470277.4,3464972.6,-192258.5,-57439.3,-627287.1,,-0.051364393,0.027762951,0.240712369,-0.180430448,-0.139649391,-0.058964768
4773438.0,3187500.0,4531250.0,593750.0,359375.0,578125.0,,-716579.6,681214.4,-1152215.4,-98508.5,-18377.3,-431975.1,,-0.04456259,0.040215673,-0.080044643,-0.092448089,-0.044679824,-0.040605509
6015625.0,2820313.0,4296875.0,742188.0,398438.0,484375.0,,525607.4,314027.4,-1386590.4,49929.5,20685.7,-525725.1,,0.032686427,0.018538691,-0.096326723,0.046857781,0.050292174,-0.049417976
3953125.0,1265625.0,9390625.0,453125.0,265625.0,617188.0,,-1536892.6,-1240660.6,3707159.6,-239133.5,-112127.3,-392912.1,,-0.095576143,-0.07324273,0.25753715,-0.224421627,-0.272609702,-0.036933601
3890625.0,1593750.0,2640625.0,632813.0,273438.0,445313.0,,-1599392.6,-912535.6,-3042840.4,-59445.5,-104314.3,-564787.1,,-0.099462887,-0.053871783,-0.211386755,-0.055788304,-0.25361433,-0.05308979
2953125.0,1343750.0,4015625.0,710938.0,296875.0,492188.0,,-2536892.6,-1162535.6,-1667840.4,18679.5,-80877.3,-517912.1,,-0.157764055,-0.0686306,-0.115865219,0.017530328,-0.196633076,-0.048683557
3125000.0,1804688.0,3734375.0,609375.0,218750.0,320313.0,,-2365017.6,-701597.6,-1949090.4,-82883.5,-159002.3,-689787.1,,-0.147075507,-0.041419002,-0.135403715,-0.077784363,-0.386574641,-0.064839746
6218750.0,1601563.0,6914063.0,773438.0,640625.0,429688.0,,728732.4,-904722.6,1230597.6,81179.5,262872.7,-580412.1,,0.045318346,-0.053410541,0.085489872,0.076185234,0.639109811,-0.054558535
5914063.0,3757813.0,10476563.0,656250.0,437500.0,734375.0,,424045.4,1251527.4,4793097.6,-36008.5,59747.7,-275725.1,,0.026370498,0.073884253,0.332977489,-0.033793183,0.145261741,-0.025918064
3679688.0,2703125.0,4789063.0,687500.0,210938.0,914063.0,,-1810329.6,196839.4,-894402.4,-4758.5,-166814.3,-96037.1,,-0.112580619,0.011620466,-0.06213432,-0.004465731,-0.405567582,-0.009027456
3648438.0,2984375.0,2851563.0,515625.0,585938.0,328125.0,,-1841579.6,478089.4,-2831902.4,-176633.5,208185.7,-681975.1,,-0.114523991,0.028224134,-0.196732849,-0.165766721,0.506151931,-0.064105421
4031250.0,1781250.0,6125000.0,703125.0,507813.0,406250.0,,-1458767.6,-725035.6,441534.6,10866.5,130060.7,-603850.1,,-0.090717712,-0.042802671,0.030673501,0.010197996,0.316210365,-0.056761698
2328125.0,1789063.0,4320313.0,546875.0,234375.0,507813.0,,-3161892.6,-717222.6,-1363152.4,-145383.5,-143377.3,-502287.1,,-0.1966315,-0.042341428,-0.09469848,-0.136439269,-0.348586328,-0.047214812
7750000.0,1695313.0,7687500.0,750000.0,257813.0,468750.0,,2259982.4,-810972.6,2004034.6,57741.5,-119939.3,-541350.1,,0.140543587,-0.047875985,0.139220702,0.054189175,-0.291602643,-0.05088672
3906250.0,1906250.0,5164063.0,625000.0,523438.0,695313.0,,-1583767.6,-600035.6,-519402.4,-67258.5,145685.7,-314787.1,,-0.098491201,-0.035423262,-0.036082992,-0.063120636,0.354198678,-0.029589879
4179688.0,2570313.0,6937500.0,796875.0,460938.0,468750.0,,-1310329.6,64027.4,1254034.6,104616.5,83185.7,-541350.1,,-0.081486663,0.003779874,0.087118045,0.098180355,0.202245426,-0.05088672
4742188.0,2320313.0,9539063.0,679688.0,460938.0,625000.0,,-747829.6,-185972.6,3855597.6,-12570.5,83185.7,-385100.1,,-0.046505962,-0.010978943,0.267849169,-0.011797125,0.202245426,-0.036199276
9789063.0,2671875.0,7960938.0,578125.0,328125.0,414063.0,,4299045.4,165589.4,2277472.6,-114133.5,-49627.3,-596037.1,,0.267348658,0.009775614,0.158216496,-0.107111816,-0.12065645,-0.056027279
2203125.0,4250000.0,10187500.0,578125.0,351563.0,375000.0,,-3286892.6,1743714.4,4504034.6,-114133.5,-26189.3,-635100.1,,-0.204404989,0.102940644,0.312896222,-0.107111816,-0.063672765,-0.059699187
2796875.0,2515625.0,2742188.0,476563.0,546875.0,570313.0,,-2693142.6,9339.4,-2941277.4,-215695.5,169122.7,-439787.1,,-0.167480916,0.000551353,-0.204331153,-0.202425568,0.411179932,-0.041339834
2523438.0,2054688.0,2453125.0,484375.0,343750.0,710938.0,,-2966579.6,-451597.6,-3230340.4,-207883.5,-34002.3,-299162.1,,-0.184485392,-0.026660186,-0.22441242,-0.195094174,-0.082668137,-0.028121134
3273438.0,2734375.0,4226563.0,679688.0,460938.0,445313.0,,-2216579.6,228089.4,-1456902.4,-12570.5,83185.7,-564787.1,,-0.137844458,0.013465318,-0.101211312,-0.011797125,0.202245426,-0.05308979
9421875.0,2812500.0,6179688.0,1070313.0,531250.0,710938.0,,3931857.4,306214.4,496222.6,378054.5,153497.7,-299162.1,,0.244514003,0.018077448,0.034472688,0.354796037,0.373191619,-0.028121134
5250000.0,2750000.0,9812500.0,539063.0,359375.0,617188.0,,-240017.6,243714.4,4129034.6,-153195.5,-18377.3,-392912.1,,-0.014926194,0.014387744,0.286844894,-0.143770663,-0.044679824,-0.036933601
2507813.0,2445313.0,3835938.0,507813.0,414063.0,531250.0,,-2982204.6,-60972.6,-1847527.4,-184445.5,36310.7,-478850.1,,-0.185457078,-0.003599534,-0.128348113,-0.173098115,0.088280487,-0.045011743
3187500.0,1296875.0,2335938.0,523438.0,234375.0,367188.0,,-2302517.6,-1209410.6,-3347527.4,-168820.5,-143377.3,-642912.1,,-0.143188763,-0.071397878,-0.232553425,-0.158434389,-0.348586328,-0.060433513
6273438.0,2609375.0,6382813.0,625000.0,335938.0,632813.0,,783420.4,103089.4,699347.6,-67258.5,-41814.3,-377287.1,,0.048719279,0.006085909,0.048583824,-0.063120636,-0.101661078,-0.035464856
8742188.0,2664063.0,6343750.0,898438.0,195313.0,742188.0,,3252170.4,157777.4,660284.6,206179.5,-182439.3,-267912.1,,0.202245687,0.00931443,0.045870109,0.193495046,-0.443555895,-0.025183645
9187500.0,3351563.0,10617188.0,632813.0,296875.0,609375.0,,3697482.4,845277.4,4933722.6,-59445.5,-80877.3,-400725.1,,0.229938711,0.049901176,0.342746737,-0.055788304,-0.196633076,-0.03766802
3859375.0,3218750.0,4195313.0,476563.0,304688.0,484375.0,,-1630642.6,712464.4,-1488152.4,-215695.5,-73064.3,-525725.1,,-0.101406259,0.042060525,-0.103382256,-0.202425568,-0.177637704,-0.049417976
6828125.0,3226563.0,8453125.0,507813.0,265625.0,554688.0,,1338107.4,720277.4,2769659.6,-184445.5,-112127.3,-455412.1,,0.083214105,0.042521768,0.19240883,-0.173098115,-0.272609702,-0.042808579
5507813.0,2859375.0,5593750.0,796875.0,382813.0,742188.0,,17795.4,353089.4,-89715.4,104616.5,5060.7,-267912.1,,0.001106658,0.020844726,-0.006232547,0.098180355,0.012303861,-0.025183645
6726563.0,1937500.0,3445313.0,609375.0,656250.0,492188.0,,1236545.4,-568785.6,-2238152.4,-82883.5,278497.7,-517912.1,,0.076898177,-0.03357841,-0.155484913,-0.077784363,0.677098124,-0.048683557
3851563.0,1773438.0,5906250.0,757813.0,375000.0,515625.0,,-1638454.6,-732847.6,222784.6,65554.5,-2752.3,-494475.1,,-0.101892071,-0.043263854,0.015476893,0.061521508,-0.006691511,-0.046480487
6125000.0,2765625.0,4781250.0,640625.0,414063.0,554688.0,,634982.4,259339.4,-902215.4,-51633.5,36310.7,-455412.1,,0.03948823,0.01531017,-0.062677091,-0.04845691,0.088280487,-0.042808579
5039063.0,2875000.0,5343750.0,750000.0,515625.0,757813.0,,-450954.6,368714.4,-339715.4,57741.5,137872.7,-252287.1,,-0.028043925,0.021767152,-0.023600099,0.054189175,0.335203306,-0.023714901
5257813.0,1820313.0,4601563.0,703125.0,335938.0,398438.0,,-232204.6,-685972.6,-1081902.4,10866.5,-41814.3,-611662.1,,-0.01444032,-0.040496576,-0.075159984,0.010197996,-0.101661078,-0.057496024
4828125.0,1976563.0,9218750.0,609375.0,343750.0,445313.0,,-661892.6,-529722.6,3535284.6,-82883.5,-34002.3,-564787.1,,-0.041161719,-0.031272316,0.245596958,-0.077784363,-0.082668137,-0.05308979
4203125.0,2703125.0,5890625.0,492188.0,320313.0,695313.0,,-1286892.6,196839.4,207159.6,-200070.5,-57439.3,-314787.1,,-0.080029164,0.011620466,0.014391421,-0.187761842,-0.139649391,-0.029589879
3578125.0,4203125.0,4710938.0,445313.0,320313.0,351563.0,,-1911892.6,1696839.4,-972527.4,-246945.5,-57439.3,-658537.1,,-0.11889661,0.100173366,-0.06756168,-0.231753021,-0.139649391,-0.061902257
5460938.0,3234375.0,5351563.0,578125.0,523438.0,437500.0,,-29079.6,728089.4,-331902.4,-114133.5,145685.7,-572600.1,,-0.0018084,0.042982951,-0.023057328,-0.107111816,0.354198678,-0.053824209
2671875.0,2984375.0,3171875.0,585938.0,460938.0,375000.0,,-2818142.6,478089.4,-2511590.4,-106320.5,83185.7,-635100.1,,-0.175254405,0.028224134,-0.174480707,-0.099779483,0.202245426,-0.059699187
3718750.0,2562500.0,4445313.0,460938.0,320313.0,453125.0,,-1771267.6,56214.4,-1238152.4,-231320.5,-57439.3,-556975.1,,-0.110151434,0.003318631,-0.086014704,-0.217089295,-0.139649391,-0.052355465
4695313.0,1742188.0,5062500.0,828125.0,382813.0,390625.0,,-794704.6,-764097.6,-620965.4,135866.5,5060.7,-619475.1,,-0.04942102,-0.045108706,-0.043138595,0.127507807,0.012303861,-0.058230443
6046875.0,4585938.0,8460938.0,664063.0,421875.0,382813.0,,556857.4,2079652.4,2777472.6,-28195.5,44122.7,-627287.1,,0.034629799,0.122772833,0.1929516,-0.026460851,0.107273428,-0.058964768
8125000.0,3445313.0,10718750.0,625000.0,273438.0,281250.0,,2634982.4,939027.4,5035284.6,-67258.5,-104314.3,-728850.1,,0.163864054,0.055435732,0.34980227,-0.063120636,-0.25361433,-0.068511654
2421875.0,2992188.0,4554688.0,507813.0,390625.0,554688.0,,-3068142.6,485902.4,-1128777.4,-184445.5,12872.7,-455412.1,,-0.190801383,0.028685377,-0.0784164,-0.173098115,0.031296802,-0.042808579
3500000.0,2796875.0,6281250.0,601563.0,359375.0,656250.0,,-1990017.6,290589.4,597784.6,-90695.5,-18377.3,-353850.1,,-0.12375504,0.017155022,0.041528221,-0.085115757,-0.044679824,-0.033261787
3648438.0,2000000.0,6164063.0,539063.0,218750.0,609375.0,,-1841579.6,-506285.6,480597.6,-153195.5,-159002.3,-400725.1,,-0.114523991,-0.029888706,0.033387216,-0.143770663,-0.386574641,-0.03766802
1812500.0,2546875.0,5382813.0,468750.0,367188.0,593750.0,,-3677517.6,40589.4,-300652.4,-223508.5,-10564.3,-416350.1,,-0.228697142,0.002396205,-0.020886384,-0.209757901,-0.025684452,-0.039136765
1882813.0,2625000.0,4171875.0,640625.0,390625.0,515625.0,,-3607204.6,118714.4,-1511590.4,-51633.5,12872.7,-494475.1,,-0.224324524,0.007008335,-0.105010499,-0.04845691,0.031296802,-0.046480487
5312500.0,1781250.0,6265625.0,609375.0,367188.0,484375.0,,-177517.6,-725035.6,582159.6,-82883.5,-10564.3,-525725.1,,-0.011039449,-0.042802671,0.040442749,-0.077784363,-0.025684452,-0.049417976
7125000.0,2226563.0,4546875.0,671875.0,171875.0,421875.0,,1634982.4,-279722.6,-1136590.4,-20383.5,-205877.3,-588225.1,,0.101676142,-0.016513499,-0.078959171,-0.019129457,-0.50053958,-0.055292954
4859375.0,3585938.0,5070313.0,500000.0,312500.0,445313.0,,-630642.6,1079652.4,-613152.4,-192258.5,-65252.3,-564787.1,,-0.039218347,0.063737567,-0.042595824,-0.180430448,-0.158644763,-0.05308979
8101563.0,4539063.0,6984375.0,718750.0,390625.0,609375.0,,2611545.4,2032777.4,1300909.6,26491.5,12872.7,-400725.1,,0.162406556,0.120005555,0.090374461,0.024861722,0.031296802,-0.03766802
7164063.0,2218750.0,6437500.0,601563.0,367188.0,476563.0,,1674045.4,-287535.6,754034.6,-90695.5,-10564.3,-533537.1,,0.104105388,-0.016974742,0.052382941,-0.085115757,-0.025684452,-0.050152301
8000000.0,6359375.0,5648438.0,601563.0,710938.0,554688.0,,2509982.4,3853089.4,-35027.4,-90695.5,333185.7,-455412.1,,0.156090565,0.22746816,-0.00243336,-0.085115757,0.810058435,-0.042808579
6750000.0,3375000.0,7953125.0,890625.0,359375.0,664063.0,,1259982.4,868714.4,2269659.6,198366.5,-18377.3,-346037.1,,0.078355675,0.051284786,0.157673726,0.186162713,-0.044679824,-0.032527368
8554688.0,3398438.0,4062500.0,796875.0,445313.0,476563.0,,3064670.4,892152.4,-1620965.4,104616.5,67560.7,-533537.1,,0.190585454,0.052668454,-0.112608803,0.098180355,0.164257113,-0.050152301
4062500.0,2281250.0,3218750.0,625000.0,484375.0,429688.0,,-1427517.6,-225035.6,-2464715.4,-67258.5,106622.7,-580412.1,,-0.08877434,-0.013285037,-0.171224291,-0.063120636,0.25922668,-0.054558535
4562500.0,2312500.0,4296875.0,726563.0,359375.0,453125.0,,-927517.6,-193785.6,-1386590.4,34304.5,-18377.3,-556975.1,,-0.057680383,-0.011440185,-0.096326723,0.032194055,-0.044679824,-0.052355465
3484375.0,2320313.0,4375000.0,570313.0,335938.0,398438.0,,-2005642.6,-185972.6,-1308465.4,-121945.5,-41814.3,-611662.1,,-0.124726726,-0.010978943,-0.090899363,-0.11444321,-0.101661078,-0.057496024
3859375.0,2210938.0,5531250.0,539063.0,515625.0,468750.0,,-1630642.6,-295347.6,-152215.4,-153195.5,137872.7,-541350.1,,-0.101406259,-0.017435925,-0.010574435,-0.143770663,0.335203306,-0.05088672
3695313.0,2171875.0,9437500.0,531250.0,406250.0,710938.0,,-1794704.6,-334410.6,3754034.6,-161008.5,28497.7,-299162.1,,-0.111608933,-0.01974202,0.260793566,-0.151102995,0.069285115,-0.028121134
6562500.0,3851563.0,10757813.0,578125.0,265625.0,500000.0,,1072482.4,1345277.4,5074347.6,-114133.5,-112127.3,-510100.1,,0.066695441,0.079418809,0.352515985,-0.107111816,-0.272609702,-0.047949232
7929688.0,4218750.0,7234375.0,695313.0,468750.0,539063.0,,2439670.4,1712464.4,1550909.6,3054.5,90997.7,-471037.1,,0.151718009,0.101095792,0.107742013,0.002866602,0.221238367,-0.044277323
7000000.0,3031250.0,5828125.0,570313.0,679688.0,460938.0,,1509982.4,524964.4,144659.6,-121945.5,301935.7,-549162.1,,0.093902653,0.030991413,0.010049533,-0.11444321,0.734081809,-0.051621046
3468750.0,2546875.0,5320313.0,671875.0,429688.0,507813.0,,-2021267.6,40589.4,-363152.4,-20383.5,51935.7,-502287.1,,-0.125698413,0.002396205,-0.025228272,-0.019129457,0.1262688,-0.047214812
7117188.0,1210938.0,3468750.0,726563.0,242188.0,406250.0,,1627170.4,-1295347.6,-2214715.4,34304.5,-135564.3,-603850.1,,0.10119033,-0.076471192,-0.153856739,0.032194055,-0.329590956,-0.056761698
6734375.0,4757813.0,3546875.0,523438.0,343750.0,492188.0,,1244357.4,2251527.4,-2136590.4,-168820.5,-34002.3,-517912.1,,0.077383989,0.13291952,-0.148429379,-0.158434389,-0.082668137,-0.048683557
4179688.0,3023438.0,6578125.0,632813.0,460938.0,476563.0,,-1310329.6,517152.4,894659.6,-59445.5,83185.7,-533537.1,,-0.081486663,0.030530229,0.062152189,-0.055788304,0.202245426,-0.050152301
3742188.0,2140625.0,6804688.0,632813.0,328125.0,617188.0,,-1747829.6,-365660.6,1121222.6,-59445.5,-49627.3,-392912.1,,-0.108693874,-0.021586872,0.077891568,-0.055788304,-0.12065645,-0.036933601
7710938.0,2664063.0,4289063.0,953125.0,312500.0,492188.0,,2220920.4,157777.4,-1394402.4,260866.5,-65252.3,-517912.1,,0.138114403,0.00931443,-0.096869424,0.244817619,-0.158644763,-0.048683557
5265625.0,3187500.0,3914063.0,679688.0,398438.0,539063.0,,-224392.6,681214.4,-1769402.4,-12570.5,20685.7,-471037.1,,-0.013954508,0.040215673,-0.122920752,-0.011797125,0.050292174,-0.044277323
4390625.0,2804688.0,6085938.0,750000.0,375000.0,625000.0,,-1099392.6,298402.4,402472.6,57741.5,-2752.3,-385100.1,,-0.068368931,0.017616265,0.027959856,0.054189175,-0.006691511,-0.036199276
4789063.0,3835938.0,7187500.0,687500.0,578125.0,539063.0,,-700954.6,1329652.4,1504034.6,-4758.5,200372.7,-471037.1,,-0.043590904,0.078496383,0.104485597,-0.004465731,0.487156558,-0.044277323
6062500.0,3078125.0,6179688.0,664063.0,406250.0,468750.0,,572482.4,571839.4,496222.6,-28195.5,28497.7,-541350.1,,0.035601485,0.033758691,0.034472688,-0.026460851,0.069285115,-0.05088672
3359375.0,2367188.0,5546875.0,578125.0,257813.0,601563.0,,-2130642.6,-139097.6,-136590.4,-114133.5,-119939.3,-408537.1,,-0.132500215,-0.008211665,-0.009488963,-0.107111816,-0.291602643,-0.038402345
3953125.0,2757813.0,3695313.0,562500.0,468750.0,484375.0,,-1536892.6,251527.4,-1988152.4,-129758.5,90997.7,-525725.1,,-0.095576143,0.014848986,-0.138117361,-0.121775542,0.221238367,-0.049417976
4601563.0,3710938.0,5726563.0,773438.0,234375.0,671875.0,,-888454.6,1204652.4,43097.6,81179.5,-143377.3,-338225.1,,-0.055251137,0.071116975,0.002994,0.076185234,-0.348586328,-0.031793042
8648438.0,2992188.0,9148438.0,695313.0,375000.0,1054688.0,,3158420.4,485902.4,3464972.6,3054.5,-2752.3,44587.9,,0.196415571,0.028685377,0.240712369,0.002866602,-0.006691511,0.004191244
3492188.0,2984375.0,3117188.0,578125.0,437500.0,398438.0,,-1997829.6,478089.4,-2566277.4,-114133.5,59747.7,-611662.1,,-0.124240852,0.028224134,-0.178279825,-0.107111816,0.145261741,-0.057496024